affiliation_id,complete_affiliation,sum_people,affil_name,affil_address,affil_city,affil_state,affil_country,affil_postal_code
110895154,"Faculty of Computer Science, Universitas Indonesia, Depok, Java, Indonesia, 16424",240,Faculty of Computer Science,Universitas Indonesia,Depok,Java,Indonesia,16424
112067453,"Research Center for Informatics, Jakarta, Java, Indonesia",11,Research Center for Informatics,,Jakarta,Java,Indonesia,
60027709,"National Taiwan University of Science and Technology, 43 Keelung Road Section 4, Taipei, Taiwan, 106",2,National Taiwan University of Science and Technology,43 Keelung Road Section 4,Taipei,,Taiwan,106
109974865,"Department of Information Management, No.396, Sec. 1, Changrong Rd., Gueiren Dist., Tainan, Taiwan, 71101",1,Department of Information Management,"No.396, Sec. 1, Changrong Rd., Gueiren Dist.",Tainan,,Taiwan,71101
60069377,"Universitas Indonesia, Depok, Java, Indonesia, 16424",467,Universitas Indonesia,,Depok,Java,Indonesia,16424
60021944,"Kasetsart University, 50 Phahonyothin Road, Bangkok, Thailand",2,Kasetsart University,50 Phahonyothin Road,Bangkok,,Thailand,
122930424,"Informatics Department, Jln. Tamansari No. 6-8, Bandung, West Java, Indonesia, 40154",1,Informatics Department,Jln. Tamansari No. 6-8,Bandung,West Java,Indonesia,40154
60105015,"Universitas Langlangbuana, Jalan Karapitan No.116, Bandung, Indonesia, 40261",1,Universitas Langlangbuana,Jalan Karapitan No.116,Bandung,,Indonesia,40261
60109077,"Universitas Pembangunan Nasional Veteran Jakarta, Jl. Rs. Fatmawati, Pondok Labu, Jakarta, Indonesia, 12450",1,Universitas Pembangunan Nasional Veteran Jakarta,"Jl. Rs. Fatmawati, Pondok Labu",Jakarta,,Indonesia,12450
118736414,"STMIK Palangkaraya, Palangkaraya, Kalimantan Tengah, Indonesia, 74874",1,STMIK Palangkaraya,"Palangkaraya, Kalimantan Tengah",,,Indonesia,74874
118495196,"STMIK Bina Insani, Bekasi, Jakarta, West Java, Indonesia",2,STMIK Bina Insani,Bekasi,Jakarta,West Java,Indonesia,
60111846,"Universitas Bina Darma, Jl. Jenderal A. Yani No. 3, Palembang, South Sumatra, Indonesia",1,Universitas Bina Darma,Jl. Jenderal A. Yani No. 3,Palembang,South Sumatra,Indonesia,
119205554,"Fakultas Ilmu Komputer, Depok, Java, Indonesia, 16424",7,Fakultas Ilmu Komputer,,Depok,Java,Indonesia,16424
60107865,"STMIK Nusa Mandiri, Jakarta, Indonesia",6,STMIK Nusa Mandiri,,Jakarta,,Indonesia,
113185784,"Department of Industrial Engineering and Management, PO Box 8000, Oulu, Finland, 90014",2,Department of Industrial Engineering and Management,PO Box 8000,Oulu,,Finland,90014
103398586,"Department of Production, PO Box 700, Vaasa, Finland, 65101",1,Department of Production,PO Box 700,Vaasa,,Finland,65101
114292120,"Department of Information Systems, Jl. K. H. Syahdan No. 9, Kemanggisan, Palmerah, Jakarta, Indonesia, 11480",9,Department of Information Systems,"Jl. K. H. Syahdan No. 9, Kemanggisan, Palmerah",Jakarta,,Indonesia,11480
123304129,"Computer Siene Department, Jl. K. H. Syahdan No. 9, Kemanggisan, Palmerah, Jakarta, Indonesia, 11480",1,Computer Siene Department,"Jl. K. H. Syahdan No. 9, Kemanggisan, Palmerah",Jakarta,,Indonesia,11480
122253065,"Information System Department, STMIK Insan Pembangunan, Tangerang, Tangerang, Indonesia, 15810",1,Information System Department,"STMIK Insan Pembangunan, Tangerang",Tangerang,,Indonesia,15810
113730915,"Department of Computer Science, Jl. K. H. Syahdan No. 9, Kemanggisan, Palmerah, Jakarta, Indonesia, 11480",11,Department of Computer Science,"Jl. K. H. Syahdan No. 9, Kemanggisan, Palmerah",Jakarta,,Indonesia,11480
60103610,"Bina Nusantara University, Jl. K. H. Syahdan No. 9, Kemanggisan, Palmerah, Jakarta, Indonesia, 11480",17,Bina Nusantara University,"Jl. K. H. Syahdan No. 9, Kemanggisan, Palmerah",Jakarta,,Indonesia,11480
60113340,"Universitas Buana Perjuangan Karawang, Jl. HS Ronggowaluyo Telukjambe Timur, Karawang, West Java, Indonesia, 41361",1,Universitas Buana Perjuangan Karawang,Jl. HS Ronggowaluyo Telukjambe Timur,Karawang,West Java,Indonesia,41361
112837444,"Department of Computer Science, Depok, Java, Indonesia, 16424",5,Department of Computer Science,,Depok,Java,Indonesia,16424
122246043,"Master Program of Communication Studies, Jl. Ir. Sutami 36 A, Surakarta, Central Java, Indonesia",1,Master Program of Communication Studies,Jl. Ir. Sutami 36 A,Surakarta,Central Java,Indonesia,
115807387,"Kampus UI Depok, Depok, Java, Indonesia, 16424",18,Kampus UI Depok,,Depok,Java,Indonesia,16424
122507729,"Universitas Mulawarman, Barong Tongkok, Gunung Kelua, Indonesia, 75121",1,Universitas Mulawarman,"Barong Tongkok, Gunung Kelua",,,Indonesia,75121
60069411,"Universitas Mulawarman, Jl. Kuaro, Gunung Kelua, Samarinda, East Kalimantan, Indonesia",2,Universitas Mulawarman,"Jl. Kuaro, Gunung Kelua",Samarinda,East Kalimantan,Indonesia,
123349703,"Informatics Engineering Program, Palangka Raya, Indonesia",1,Informatics Engineering Program,Palangka Raya,,,Indonesia,
104757287,"Department of Public Health, Depok, Java, Indonesia, 16424",1,Department of Public Health,,Depok,Java,Indonesia,16424
121035669,"Technology and Higher Education of the Republic of Indonesia, Jakarta, Java, Indonesia",1,Technology and Higher Education of the Republic of Indonesia,,Jakarta,Java,Indonesia,
122423939,"AMIK BSI Bekasi, West-Java, Indonesia",1,AMIK BSI Bekasi,West-Java,,,Indonesia,
120017344,"Department of Management, Jalan Dr. T. Mansur No. 9, Kampus Padang Bulan, Medan, North Sumatra, Indonesia, 20155",1,Department of Management,"Jalan Dr. T. Mansur No. 9, Kampus Padang Bulan",Medan,North Sumatra,Indonesia,20155
120049336,"Universitas BSI, Bandung, Indonesia",3,Universitas BSI,,Bandung,,Indonesia,
108173563,"Computer Science Faculty, Depok, Java, Indonesia, 16424",4,Computer Science Faculty,,Depok,Java,Indonesia,16424
121800748,"Department of Informatics Engineering, Jl. Perintis Kemerdekaan I/33, Tangerang Banten, Tangerang, Indonesia, 15117",1,Department of Informatics Engineering,"Jl. Perintis Kemerdekaan I/33, Tangerang Banten",Tangerang,,Indonesia,15117
118334675,"Faculty of Computer Science, STIKOM CKI, Jakarta, West Sulawesi, Indonesia, 11510",2,Faculty of Computer Science,STIKOM CKI,Jakarta,West Sulawesi,Indonesia,11510
121800542,"Regional English Language Office (RELO), United State of America (USA), Jl. K. H. Syahdan No. 9, Kemanggisan, Palmerah, Jakarta, Indonesia, 11480",1,"Regional English Language Office (RELO), United State of America (USA)","Jl. K. H. Syahdan No. 9, Kemanggisan, Palmerah",Jakarta,,Indonesia,11480
121801872,"Major of Informatics Management, Jl. K. H. Syahdan No. 9, Kemanggisan, Palmerah, Jakarta, Indonesia, 11480",1,Major of Informatics Management,"Jl. K. H. Syahdan No. 9, Kemanggisan, Palmerah",Jakarta,,Indonesia,11480
115030660,"Department of Information System, Depok, Java, Indonesia, 16424",1,Department of Information System,,Depok,Java,Indonesia,16424
122276664,"Department of Information Technology, Depok, Java, Indonesia, 16424",5,Department of Information Technology,,Depok,Java,Indonesia,16424
118365648,"Department of Computer Science, Jl. Dipati Ukur No 35, Bandung, West Java, Indonesia, 40132",3,Department of Computer Science,Jl. Dipati Ukur No 35,Bandung,West Java,Indonesia,40132
114929020,"Department of Mathematics, Jl. Ketintang, Surabaya, Indonesia, 60231",1,Department of Mathematics,Jl. Ketintang,Surabaya,,Indonesia,60231
122528432,"Artificial Intelligence Department, Premier Optima Sattiga, Jakarta, Indonesia",2,Artificial Intelligence Department,Premier Optima Sattiga,Jakarta,,Indonesia,
60108869,"Universitas Mercu Buana, Jl. Meruya Selatan No.1, Jakarta, Indonesia",4,Universitas Mercu Buana,Jl. Meruya Selatan No.1,Jakarta,,Indonesia,
60069382,"Institut Teknologi Bandung, Jl. Tamansari 64, Bandung, West Java, Indonesia, 40116",6,Institut Teknologi Bandung,Jl. Tamansari 64,Bandung,West Java,Indonesia,40116
112304895,"Department of Biomedical Engineering, Jl. Tamansari 64, Bandung, West Java, Indonesia, 40116",1,Department of Biomedical Engineering,Jl. Tamansari 64,Bandung,West Java,Indonesia,40116
120790202,"Laboratorium Khusus Patologi, Veteran, Bandung, Indonesia",1,Laboratorium Khusus Patologi,Veteran,Bandung,,Indonesia,
121970579,"Universitas, Malang, Malang, West Java, Indonesia, 65144",1,Universitas,Malang,Malang,West Java,Indonesia,65144
123004553,"Digital Library and Distance, Depok, Java, Indonesia, 16424",1,Digital Library and Distance,,Depok,Java,Indonesia,16424
60069397,"Universitas Sumatera Utara, Jalan Dr. T. Mansur No. 9, Kampus Padang Bulan, Medan, North Sumatra, Indonesia, 20155",2,Universitas Sumatera Utara,"Jalan Dr. T. Mansur No. 9, Kampus Padang Bulan",Medan,North Sumatra,Indonesia,20155
120729067,"Computerized Accounting, STMIK GI MDP, Palembang, Palembang, Indonesia",1,Computerized Accounting,"STMIK GI MDP, Palembang",Palembang,,Indonesia,
110489126,"Department of Industrial Engineering, 50 Phahonyothin Road, Bangkok, Thailand",1,Department of Industrial Engineering,50 Phahonyothin Road,Bangkok,,Thailand,
120995963,"PT Telekomunikasi Indonesia, Jl. K. H. Syahdan No. 9, Kemanggisan, Palmerah, Jakarta, Indonesia, 11480",1,PT Telekomunikasi Indonesia,"Jl. K. H. Syahdan No. 9, Kemanggisan, Palmerah",Jakarta,,Indonesia,11480
120994895,"Universitas Katolik Widya Mandira, Kupang, Indonesia",1,Universitas Katolik Widya Mandira,Kupang,,,Indonesia,
60069400,"Universitas Trisakti, Jakarta, Java, Indonesia",1,Universitas Trisakti,,Jakarta,Java,Indonesia,
117780162,"Research Interest Group Food Biotechnology, Jl. K. H. Syahdan No. 9, Kemanggisan, Palmerah, Jakarta, Indonesia, 11480",1,Research Interest Group Food Biotechnology,"Jl. K. H. Syahdan No. 9, Kemanggisan, Palmerah",Jakarta,,Indonesia,11480
121447971,"Faculty of Computer Science, Jl. Rs. Fatmawati, Pondok Labu, Jakarta, Indonesia, 12450",2,Faculty of Computer Science,"Jl. Rs. Fatmawati, Pondok Labu",Jakarta,,Indonesia,12450
119094094,"Department of Culture and Arts, Albertinkuja 20, Oulu, Finland, 90101",1,Department of Culture and Arts,Albertinkuja 20,Oulu,,Finland,90101
114777814,"Department of Industrial Engineering, Jl. Srengseng Sawah, Jagakarsa, South Jakarta, Jakarta, Jakarta, Indonesia, 12640",1,Department of Industrial Engineering,"Jl. Srengseng Sawah, Jagakarsa, South Jakarta",Jakarta,Jakarta,Indonesia,12640
113397046,"School of Information Systems, Jl. K. H. Syahdan No. 9, Kemanggisan, Palmerah, Jakarta, Indonesia, 11480",3,School of Information Systems,"Jl. K. H. Syahdan No. 9, Kemanggisan, Palmerah",Jakarta,,Indonesia,11480
115604549,"Depok, Depok, Java, Indonesia, 16424",1,Depok,,Depok,Java,Indonesia,16424
118449433,"Universitas Maarif Hasyim Latif, Sidoarjo, Sidoarjo, Indonesia",1,Universitas Maarif Hasyim Latif,Sidoarjo,Sidoarjo,,Indonesia,
120050723,"Departemen of Computers System, Jl. Raya Puputan No. 86 Renon, Denpasar, Indonesia, 76114",1,Departemen of Computers System,Jl. Raya Puputan No. 86 Renon,Denpasar,,Indonesia,76114
121766130,"Sustainable Development Services Department, Thailand",1,Sustainable Development Services Department,,,,Thailand,
116113090,"Department of Business Administration, 50 Phahonyothin Road, Bangkok, Thailand",1,Department of Business Administration,50 Phahonyothin Road,Bangkok,,Thailand,
60110258,"Politeknik Negeri Sriwijaya, Jl. Srijaya Negara Bukit Besar, Palembang, Sumatera Selatan, Indonesia, 30139",1,Politeknik Negeri Sriwijaya,Jl. Srijaya Negara Bukit Besar,Palembang,Sumatera Selatan,Indonesia,30139
111296405,"Center for Advanced Studies in Industrial Technology, 50 Phahonyothin Road, Bangkok, Thailand",1,Center for Advanced Studies in Industrial Technology,50 Phahonyothin Road,Bangkok,,Thailand,
104757720,"Department of Marine Science and Technology, Jl. Raya Dramaga, Bogor, West Java, Indonesia, 16680",1,Department of Marine Science and Technology,Jl. Raya Dramaga,Bogor,West Java,Indonesia,16680
114079087,"Department of Computer Science, Manado, Manado, Indonesia, 95371",1,Department of Computer Science,Manado,Manado,,Indonesia,95371
113176951,"Faculty of Engineering, 50 Phahonyothin Road, Bangkok, Thailand",2,Faculty of Engineering,50 Phahonyothin Road,Bangkok,,Thailand,
103625259,"Faculty of Economics, Plac Marii Curie-Skłodowskiej 5, Lublin, LU, Poland, 20-031",1,Faculty of Economics,Plac Marii Curie-Skłodowskiej 5,Lublin,LU,Poland,20-031
113845589,"Department of Computer Science, 21 Lower Kent Ridge Road, Singapore City, Singapore, 119077",1,Department of Computer Science,21 Lower Kent Ridge Road,Singapore City,,Singapore,119077
60069412,"Universitas Jember, Jalan Kalimantan No. 37, Kampus Tegalboto, Jember, East Java, Indonesia, 68121",1,Universitas Jember,"Jalan Kalimantan No. 37, Kampus Tegalboto",Jember,East Java,Indonesia,68121
115032348,"Faculty of Computer Science, Kampus Baru UI, Depok, Jawa Barat, Depok, Indonesia, 16424",1,Faculty of Computer Science,"Kampus Baru UI, Depok, Jawa Barat",Depok,,Indonesia,16424
60103730,"Telkom University, Jl.Telekomunikasi 1, Dayeuh Kolot, Bandung West Java, West Java, Indonesia, 40257",3,Telkom University,"Jl.Telekomunikasi 1, Dayeuh Kolot",Bandung West Java,West Java,Indonesia,40257
113062885,"Head Office, Tbk, Jalan Japati No. 1, Bandung, Indonesia, 40133",1,Head Office,"Tbk, Jalan Japati No. 1",Bandung,,Indonesia,40133
60017161,"National University of Singapore, 21 Lower Kent Ridge Road, Singapore City, Singapore, 119077",4,National University of Singapore,21 Lower Kent Ridge Road,Singapore City,,Singapore,119077
100248703,"Department of Computer Science, 21 Lower Kent Ridge Road, Singapore City, Singapore, 119077",1,Department of Computer Science,21 Lower Kent Ridge Road,Singapore City,,Singapore,119077
60011226,"Technische Universität Darmstadt, Karolinenplatz 5, Darmstadt, Hessen, Germany, 64289",3,Technische Universität Darmstadt,Karolinenplatz 5,Darmstadt,Hessen,Germany,64289
113922700,"Department of Informatics, Semarang, Central Java, Indonesia",2,Department of Informatics,,Semarang,Central Java,Indonesia,
112270602,"Department of Mechanical Engineering, 1-501 Shiogamaguchi, Nagoya, Aichi, Japan, 468-8502",1,Department of Mechanical Engineering,1-501 Shiogamaguchi,Nagoya,Aichi,Japan,468-8502
103051948,"Department of Micro-Nano Mechanical Science and Engineering, Furo-cho, Chikusa-ku, Nagoya, Aichi, Japan, 464-8601",2,Department of Micro-Nano Mechanical Science and Engineering,"Furo-cho, Chikusa-ku",Nagoya,Aichi,Japan,464-8601
103051699,"Department of Micro-Nano Systems Engineering, Furo-cho, Chikusa-ku, Nagoya, Aichi, Japan, 464-8601",1,Department of Micro-Nano Systems Engineering,"Furo-cho, Chikusa-ku",Nagoya,Aichi,Japan,464-8601
60007989,"Utrecht University, Bestuursgebouw, Heidelberglaan 8, Utrecht, Utrecht, Netherlands, 3584 CS",1,Utrecht University,"Bestuursgebouw, Heidelberglaan 8",Utrecht,Utrecht,Netherlands,3584 CS
60011476,"Universitat Politècnica de València, Camino de Vera, Valencia, Valencia, Spain, 46022",1,Universitat Politècnica de València,Camino de Vera,Valencia,Valencia,Spain,46022
103441118,"Department of Information and Computing Sciences, Bestuursgebouw, Heidelberglaan 8, Utrecht, Utrecht, Netherlands, 3584 CS",1,Department of Information and Computing Sciences,"Bestuursgebouw, Heidelberglaan 8",Utrecht,Utrecht,Netherlands,3584 CS
105458996,"Department of Computer Science, Bestuursgebouw, Heidelberglaan 8, Utrecht, Utrecht, Netherlands, 3584 CS",1,Department of Computer Science,"Bestuursgebouw, Heidelberglaan 8",Utrecht,Utrecht,Netherlands,3584 CS
60018306,"Wright State University, 3640 Colonel Glenn Hwy, Dayton, OH, United States, 45435-0001",4,Wright State University,3640 Colonel Glenn Hwy,Dayton,OH,United States,45435-0001
114748149,"Data Semantics (DaSe) Laboratory, 3640 Colonel Glenn Hwy, Dayton, OH, United States, 45435-0001",6,Data Semantics (DaSe) Laboratory,3640 Colonel Glenn Hwy,Dayton,OH,United States,45435-0001
114186060,"STKO Lab, Santa Barbara, CA, United States, 93106-0001",2,STKO Lab,,Santa Barbara,CA,United States,93106-0001
113868064,"Department of Computer and Information Science, Linkoping, Östergötland, Sweden, 581 83",1,Department of Computer and Information Science,,Linkoping,Östergötland,Sweden,581 83
112824287,"Department of Computer Science, pl. Marii Skodowskiej-Curie 5, Poznan, WP, Poland, 60-965",1,Department of Computer Science,pl. Marii Skodowskiej-Curie 5,Poznan,WP,Poland,60-965
107857354,"STLab, Via S. Martino della Battaglia 44, Rome, RM, Italy, 185",1,STLab,Via S. Martino della Battaglia 44,Rome,RM,Italy,185
113659408,"Department of Computer Science, University Offices, Wellington Square, Oxford, Oxfordshire, United Kingdom, OX1 2JD",1,Department of Computer Science,"University Offices, Wellington Square",Oxford,Oxfordshire,United Kingdom,OX1 2JD
122698746,"Knowledge-Based Systems Group, Nöthnitzer Strasse 43, Dresden, Sachsen, Germany, 1187",1,Knowledge-Based Systems Group,Nöthnitzer Strasse 43,Dresden,Sachsen,Germany,1187
104100909,"Center for Research Computing, Notre Dame, IN, United States",1,Center for Research Computing,,Notre Dame,IN,United States,
60021508,"University of Notre Dame, Notre Dame, IN, United States",2,University of Notre Dame,,Notre Dame,IN,United States,
104100824,"School of Architecture, Notre Dame, IN, United States",1,School of Architecture,,Notre Dame,IN,United States,
60009358,"Linköpings universitet, Linkoping, Östergötland, Sweden, 581 83",1,Linköpings universitet,,Linkoping,Östergötland,Sweden,581 83
60003038,"Notre Dame of Maryland University, 4701 North Charles Street, Baltimore, MD, United States, 21210",1,Notre Dame of Maryland University,4701 North Charles Street,Baltimore,MD,United States,21210
60028442,"Universidad Politécnica de Madrid, Avda. Ramiro de Maeztu, 7, Madrid, Madrid, Spain, 28040",1,Universidad Politécnica de Madrid,"Avda. Ramiro de Maeztu, 7",Madrid,Madrid,Spain,28040
100261271,"Department of Geography, Knoxville, TN, United States",1,Department of Geography,,Knoxville,TN,United States,
104476028,"Institute for Social, Santa Barbara, CA, United States, 93106-0001",1,Institute for Social,,Santa Barbara,CA,United States,93106-0001
103496990,"Department of Geography, Malet Street, Bloomsbury, London, United Kingdom, WC1E 7HX",1,Department of Geography,"Malet Street, Bloomsbury",London,,United Kingdom,WC1E 7HX
113854098,"Department of Geography, Santa Barbara, CA, United States, 93106-0001",1,Department of Geography,,Santa Barbara,CA,United States,93106-0001
104476024,"Bren School of Environmental Science and Management, Santa Barbara, CA, United States, 93106-0001",1,Bren School of Environmental Science and Management,,Santa Barbara,CA,United States,93106-0001
60004505,"US EPA National Risk Management Research Laboratory, 26 Martin Luther King Drive, Cincinnati, OH, United States, 45268",1,US EPA National Risk Management Research Laboratory,26 Martin Luther King Drive,Cincinnati,OH,United States,45268
60019778,"European Organization for Nuclear Research, Geneva, GE, Switzerland, 1211",1,European Organization for Nuclear Research,,Geneva,GE,Switzerland,1211
60000762,"Humboldt-Universität zu Berlin, Unter den Linden 6, Berlin, Germany, 10099",1,Humboldt-Universität zu Berlin,Unter den Linden 6,Berlin,,Germany,10099
60030168,"Helsinki Institute of Physics, Gustaf Hallstromin katu 2, Helsinki, Finland, 14",1,Helsinki Institute of Physics,Gustaf Hallstromin katu 2,Helsinki,,Finland,14
60013881,"Fermi National Accelerator Laboratory, Kirk Road and Pine Street, Batavia, IL, United States, 60510-5011",1,Fermi National Accelerator Laboratory,Kirk Road and Pine Street,Batavia,IL,United States,60510-5011
60015481,"University of Washington, Seattle, Odegaard Library 022 Odegaard, Seattle, WA, United States, 98195-5502",1,"University of Washington, Seattle",Odegaard Library 022 Odegaard,Seattle,WA,United States,98195-5502
60033011,"Lamont-Doherty Earth Observatory, 61 Rte. 9W., Palisades, NY, United States, 10964",3,Lamont-Doherty Earth Observatory,61 Rte. 9W.,Palisades,NY,United States,10964
104676705,"Marine Geology and Geophysics, 61 Rte. 9W., Palisades, NY, United States, 10964",1,Marine Geology and Geophysics,61 Rte. 9W.,Palisades,NY,United States,10964
60013609,"Woods Hole Oceanographic Institution, 266 Woods Hole Road, Woods Hole, MA, United States, 02543-1050",5,Woods Hole Oceanographic Institution,266 Woods Hole Road,Woods Hole,MA,United States,02543-1050
60024997,"University of Maryland, Baltimore County, 1000 Hilltop Circle, Baltimore, MD, United States, 21201",2,"University of Maryland, Baltimore County",1000 Hilltop Circle,Baltimore,MD,United States,21201
60022134,"Aalborg Universitet, Fredrik Bajers Vej 5, Postboks 159, Aalborg, Denmark, 9100",2,Aalborg Universitet,"Fredrik Bajers Vej 5, Postboks 159",Aalborg,,Denmark,9100
120246201,"Institute of Habitat Science, Campus Politecnico Ruben Orellana / Ladron de Guevara E11-253, , Quito, Ecuador, Ecuador, 170517",1,Institute of Habitat Science,"Campus Politecnico Ruben Orellana / Ladron de Guevara E11-253, ",Quito,Ecuador,Ecuador,170517
103097537,"Environmental Systems Analysis, Maskingränd 2, Göteborg, Vastra Gotalands, Sweden, 412 96",1,Environmental Systems Analysis,Maskingränd 2,Göteborg,Vastra Gotalands,Sweden,412 96
103268808,"Office of Research and Development, 26 Martin Luther King Drive, Cincinnati, OH, United States, 45268",1,Office of Research and Development,26 Martin Luther King Drive,Cincinnati,OH,United States,45268
120368546,"RDA US Advisory Group, Troy, NY, United States",1,RDA US Advisory Group,,Troy,NY,United States,
60082102,"Consortium for Ocean Leadership, Washington, D.C., DC, United States",1,Consortium for Ocean Leadership,,"Washington, D.C.",DC,United States,
60020760,"National Center for Ecological Analysis and Synthesis, 735 State Street, Suite 300, Santa Barbara, CA, United States, 93101-5509",2,National Center for Ecological Analysis and Synthesis,"735 State Street, Suite 300",Santa Barbara,CA,United States,93101-5509
104475822,"Marine Science Institute, Santa Barbara, CA, United States, 93106-0001",1,Marine Science Institute,,Santa Barbara,CA,United States,93106-0001
114027201,"Division of Epidemiology, 8701 Watertown Plank Road, Milwaukee, WI, United States, 53226",1,Division of Epidemiology,8701 Watertown Plank Road,Milwaukee,WI,United States,53226
107969001,"Computational Logic Group, Nöthnitzer Strasse 43, Dresden, Sachsen, Germany, 1187",1,Computational Logic Group,Nöthnitzer Strasse 43,Dresden,Sachsen,Germany,1187
114337572,"Department of Computer Engineering, 3640 Colonel Glenn Hwy, Dayton, OH, United States, 45435-0001",1,Department of Computer Engineering,3640 Colonel Glenn Hwy,Dayton,OH,United States,45435-0001
113774541,"Department of Computer Science and Engineering, 3640 Colonel Glenn Hwy, Dayton, OH, United States, 45435-0001",1,Department of Computer Science and Engineering,3640 Colonel Glenn Hwy,Dayton,OH,United States,45435-0001
122404310,"Department of Computer Science and Engineering Wright State, Dayton, OH, United States, 45469-0160",1,Department of Computer Science and Engineering Wright State,,Dayton,OH,United States,45469-0160
103936965,"Kno.e.sis Center, 3640 Colonel Glenn Hwy, Dayton, OH, United States, 45435-0001",3,Kno.e.sis Center,3640 Colonel Glenn Hwy,Dayton,OH,United States,45435-0001
112247832,"School of Computing and Information Science, Orono, ME, United States",1,School of Computing and Information Science,,Orono,ME,United States,
103441304,"Department of Human Geography and Spatial Planning, Bestuursgebouw, Heidelberglaan 8, Utrecht, Utrecht, Netherlands, 3584 CS",1,Department of Human Geography and Spatial Planning,"Bestuursgebouw, Heidelberglaan 8",Utrecht,Utrecht,Netherlands,3584 CS
113611320,"Department of Computer Science, Campus de Campolide, Lisbon, Lisbon, Portugal, 1099-085",1,Department of Computer Science,Campus de Campolide,Lisbon,Lisbon,Portugal,1099-085
119235936,"Institute for Artificial Intelligence, Four Towers Building, Athens, GA, United States, 30602-6755",1,Institute for Artificial Intelligence,Four Towers Building,Athens,GA,United States,30602-6755
60076757,"Amazon.com, Inc., PO Box 81226, Seattle, WA, United States, 98108",1,"Amazon.com, Inc.",PO Box 81226,Seattle,WA,United States,98108
60018353,"Technische Universität Dresden, Nöthnitzer Strasse 43, Dresden, Sachsen, Germany, 1187",3,Technische Universität Dresden,Nöthnitzer Strasse 43,Dresden,Sachsen,Germany,1187
108558087,"Faculty of Computer Science, Depok, Java, Indonesia, 16424",3,Faculty of Computer Science,,Depok,Java,Indonesia,16424
112125972,"Fachbereich Informatik, Bibliothekstrasse 1, Bremen, Bremen, Germany, 28359",1,Fachbereich Informatik,Bibliothekstrasse 1,Bremen,Bremen,Germany,28359
110181669,"School of Computer Science, Menntavegur 1,, 101 Reykjavík, Iceland, Iceland, 103",1,School of Computer Science,"Menntavegur 1,",101 Reykjavík,Iceland,Iceland,103
123347777,"Software-based Networks, Kaiserin-Augusta-Allee 31, Berlin, Berlin, Germany, 10589",1,Software-based Networks,Kaiserin-Augusta-Allee 31,Berlin,Berlin,Germany,10589
60011604,"Technical University of Berlin, Strasse des 17. Juni 135, Berlin, Germany, 10623",2,Technical University of Berlin,Strasse des 17. Juni 135,Berlin,,Germany,10623
119804192,"College of Industrial Technologies-CIT, Misurata, Libya, Libyan Arab Jamahiriya",1,College of Industrial Technologies-CIT,"Misurata, Libya",,,Libyan Arab Jamahiriya,
60072186,"Fraunhofer Institute for Open Communication Systems FOKUS, Kaiserin-Augusta-Allee 31, Berlin, Berlin, Germany, 10589",2,Fraunhofer Institute for Open Communication Systems FOKUS,Kaiserin-Augusta-Allee 31,Berlin,Berlin,Germany,10589
116665254,"Depok Campus, Depok, Java, Indonesia, 16424",3,Depok Campus,,Depok,Java,Indonesia,16424
60026553,"University of Melbourne, 1-100 Grattan Street, Parkville, VIC, Australia, 3010",2,University of Melbourne,1-100 Grattan Street,Parkville,VIC,Australia,3010
123209774,"School of Computing & Information Systems, Melbourne, VIC, Australia, 3010",1,School of Computing & Information Systems,,Melbourne,VIC,Australia,3010
120021708,"GDP Labs, Jl. Aipda K.S. Tubun II C No.8, Jakarta, Indonesia, 11410",1,GDP Labs,Jl. Aipda K.S. Tubun II C No.8,Jakarta,,Indonesia,11410
119523243,"PT. Supra Indodrill, Indonesia",1,PT. Supra Indodrill,,,,Indonesia,
104757763,"School of Electrical Engineering and Informatics, Jl. Tamansari 64, Bandung, West Java, Indonesia, 40116",4,School of Electrical Engineering and Informatics,Jl. Tamansari 64,Bandung,West Java,Indonesia,40116
115458107,"School of Computing, 373-1 Guseong-dong, Yusong, Daejon, South Korea, 305-701",1,School of Computing,373-1 Guseong-dong,Yusong,Daejon,South Korea,305-701
103597531,"Faculty of Information Science and Electrical Engineering, 744 Motooka Nishi-ku, Fukuoka, Fukuoka, Japan, 819-0395",1,Faculty of Information Science and Electrical Engineering,744 Motooka Nishi-ku,Fukuoka,Fukuoka,Japan,819-0395
60014256,"University of Tsukuba, 1-1-1 Tennodai, Tsukuba, Ibaraki Prefecture, Japan, 305-8577",1,University of Tsukuba,1-1-1 Tennodai,Tsukuba,Ibaraki Prefecture,Japan,305-8577
114046242,"Organization for General Education, 1 Honjo-machi, Saga, Saga, Japan, 840-8502",1,Organization for General Education,1 Honjo-machi,Saga,Saga,Japan,840-8502
121841273,"Universitas Indonesia, Jl. Margonda Raya, Pondok Cina, Beji, Kota Depok, Depok, West Java, Indonesia, 16424",3,Universitas Indonesia,"Jl. Margonda Raya, Pondok Cina, Beji, Kota Depok",Depok,West Java,Indonesia,16424
113902597,"Remote Sensing Technology and Data Center-LAPAN, Indonesian NationalInstitute of Aeronautics and Space, Jln. Kalisari No. 8 Pekayon, PasarRebo - Jakarta, Jakarta, Indonesia, 13710",1,Remote Sensing Technology and Data Center-LAPAN,"Indonesian NationalInstitute of Aeronautics and Space, Jln. Kalisari No. 8 Pekayon, PasarRebo - Jakarta",Jakarta,,Indonesia,13710
116696974,"Indonesian National Institute of Aeronautics and Space, Jl. Pemuda Persil No. 1, Jakarta Timur 13220, Jakarta, Indonesia, 13721",2,Indonesian National Institute of Aeronautics and Space,"Jl. Pemuda Persil No. 1, Jakarta Timur 13220",Jakarta,,Indonesia,13721
112965775,"Department of Electrical Engineering, Depok, Java, Indonesia, 16424",4,Department of Electrical Engineering,,Depok,Java,Indonesia,16424
113835661,"Department of Industrial Engineering, Jl. K. H. Syahdan No. 9, Kemanggisan, Palmerah, Jakarta, Indonesia, 11480",1,Department of Industrial Engineering,"Jl. K. H. Syahdan No. 9, Kemanggisan, Palmerah",Jakarta,,Indonesia,11480
110264360,"Department of Industrial Engineering, Depok, Java, Indonesia, 16424",1,Department of Industrial Engineering,,Depok,Java,Indonesia,16424
113905066,"Department of Information Technology, Kampus Bukit Jimbaran, Kabupaten Badung,, Bali, West Nusa Tenggara, Indonesia",1,Department of Information Technology,"Kampus Bukit Jimbaran, Kabupaten Badung,",Bali,West Nusa Tenggara,Indonesia,
113870693,"Department of Mathematics, Depok, Java, Indonesia, 16424",6,Department of Mathematics,,Depok,Java,Indonesia,16424
118325631,"Machine Learning and Computer Vision Laboratory, Depok, Java, Indonesia, 16424",5,Machine Learning and Computer Vision Laboratory,,Depok,Java,Indonesia,16424
113121345,"Department of Computer Science, Jl. Raya Dramaga, Bogor, West Java, Indonesia, 16680",2,Department of Computer Science,Jl. Raya Dramaga,Bogor,West Java,Indonesia,16680
104757253,"Department of Physics, Depok, Java, Indonesia, 16424",2,Department of Physics,,Depok,Java,Indonesia,16424
116582593,"STMIK Jakarta STIandK, Jakarta, Indonesia, 12140",1,STMIK Jakarta STIandK,,Jakarta,,Indonesia,12140
60069378,"University of Indonesia, RSUPN Dr. Cipto Mangunkusumo, Jalan Pangeran Diponegoro No.71, Kenari, Senen, RW.5, Kenari, RW.5, Kenari, Senen, Kota Jakarta Pusat, Daerah Khusus Ibukota, Jakarta, Indonesia, 10430",1,"University of Indonesia, RSUPN Dr. Cipto Mangunkusumo","Jalan Pangeran Diponegoro No.71, Kenari, Senen, RW.5, Kenari, RW.5, Kenari, Senen, Kota Jakarta Pusat, Daerah Khusus Ibukota",Jakarta,,Indonesia,10430
118714546,"UI Depok Campus, Depok, Java, Indonesia, 16424",1,UI Depok Campus,,Depok,Java,Indonesia,16424
111197494,"Department of Mathematics, Jl. K. H. Syahdan No. 9, Kemanggisan, Palmerah, Jakarta, Indonesia, 11480",1,Department of Mathematics,"Jl. K. H. Syahdan No. 9, Kemanggisan, Palmerah",Jakarta,,Indonesia,11480
114673009,"Stikubank University, Semarang, Semarang, Indonesia, 50236",1,Stikubank University,Semarang,Semarang,,Indonesia,50236
122983881,"Department of Electronics and Computer Science, Jogjakarta, Yogyakarta, Indonesia",1,Department of Electronics and Computer Science,Jogjakarta,Yogyakarta,,Indonesia,
112136414,"Department of Electronics and Computer Science, Bulaksumur, Yogyakarta, Yogyakarta, Indonesia, 55281",3,Department of Electronics and Computer Science,Bulaksumur,Yogyakarta,Yogyakarta,Indonesia,55281
123079305,"Department of Information System, Jl.H.R Rasuna Said Kav C-22, Kuningan, Jakarta, Indonesia, 12920",1,Department of Information System,"Jl.H.R Rasuna Said Kav C-22, Kuningan",Jakarta,,Indonesia,12920
108253171,"Department of Computer Science, Whiteknights, Reading, Berkshire, United Kingdom, RG6 6AH",1,Department of Computer Science,Whiteknights,Reading,Berkshire,United Kingdom,RG6 6AH
122540792,"Department of Informatics, Jl. Rs. Fatmawati, Pondok Labu, South Jakarta, DKI Jakarta, Jakarta, Indonesia, 12450",1,Department of Informatics,"Jl. Rs. Fatmawati, Pondok Labu, South Jakarta, DKI Jakarta",Jakarta,,Indonesia,12450
103330213,"Department of Electrical, Private Bag 92019, Auckland, AUK, New Zealand, 1142",1,Department of Electrical,Private Bag 92019,Auckland,AUK,New Zealand,1142
60070441,"Universitas Pelita Harapan, Jl. M.H. Thamrin Boulevard, Tangerang, Banten, Indonesia, 15811",1,Universitas Pelita Harapan,Jl. M.H. Thamrin Boulevard,Tangerang,Banten,Indonesia,15811
60069385,"Universitas Diponegoro, Semarang, Central Java, Indonesia",3,Universitas Diponegoro,,Semarang,Central Java,Indonesia,
118787672,"Jl. Agatis, Jl. Raya Dramaga, Bogor, West Java, Indonesia, 16680",1,Jl. Agatis,Jl. Raya Dramaga,Bogor,West Java,Indonesia,16680
60069394,"Lembaga Ilmu Pengetahuan Indonesia, Jakarta, Java, Indonesia",4,Lembaga Ilmu Pengetahuan Indonesia,,Jakarta,Java,Indonesia,
106947787,"Informatics Department, Jakarta, Java, Indonesia",1,Informatics Department,,Jakarta,Java,Indonesia,
121244510,"Information Systems Department, Jl. Pulomas Selatan kav.22, Jakarta Timur, Indonesia, 13210",1,Information Systems Department,Jl. Pulomas Selatan kav.22,Jakarta Timur,,Indonesia,13210
60087598,"Universitas Pancasila, Jakarta, Java, Indonesia",2,Universitas Pancasila,,Jakarta,Java,Indonesia,
122461491,"Department of Chemistry, Raya Street Jambi-Ma, Bulian KM 15, Mendalo Darat, Jambi, Indonesia, 36657",1,Department of Chemistry,"Raya Street Jambi-Ma, Bulian KM 15, Mendalo Darat",Jambi,,Indonesia,36657
105843273,"Department of Dental Materials, Depok, Java, Indonesia, 16424",1,Department of Dental Materials,,Depok,Java,Indonesia,16424
119050004,"STTT Nurul Fikri, Indonesia",2,STTT Nurul Fikri,,,,Indonesia,
118146086,"Department of Dental Conservation, Depok, Java, Indonesia, 16424",1,Department of Dental Conservation,,Depok,Java,Indonesia,16424
111045551,"Universitas Trisakti, Jl. Kyai Tapa No 1, Grogol, Jakarta Barat, Jakarta, Jakarta, Indonesia, 1440",1,Universitas Trisakti,"Jl. Kyai Tapa No 1, Grogol, Jakarta Barat",Jakarta,Jakarta,Indonesia,1440
103690177,"Department of Computer Science, Trondheim, Sor-Trondelag, Norway, 7491",2,Department of Computer Science,,Trondheim,Sor-Trondelag,Norway,7491
113869978,"Department of Electronics and Communication Engineering, Rourkela, OR, India, 769008",1,Department of Electronics and Communication Engineering,,Rourkela,OR,India,769008
100336132,"National Institute of Aeronautics and Space, Jl. Dr. Junjunan 135, Bandung, ID, Indonesia, 40173",1,National Institute of Aeronautics and Space,Jl. Dr. Junjunan 135,Bandung,ID,Indonesia,40173
104757263,"Faculty of Computer Science, Depok, Java, Indonesia, 16424",12,Faculty of Computer Science,,Depok,Java,Indonesia,16424
60070707,"Institut Teknologi Sepuluh Nopember, Gedung Rektorat Lantai 2, Surabaya, East Java, Indonesia, 60111",1,Institut Teknologi Sepuluh Nopember,Gedung Rektorat Lantai 2,Surabaya,East Java,Indonesia,60111
113565376,"Department of Agricultural Socio-economics/Agribusiness, Jl. Perintis Kemerdekaan Km. 10, Kec, Makassar, South Sulawesi, Indonesia",1,Department of Agricultural Socio-economics/Agribusiness,"Jl. Perintis Kemerdekaan Km. 10, Kec",Makassar,South Sulawesi,Indonesia,
104757365,"Computer Science Center, Depok, Java, Indonesia, 16424",2,Computer Science Center,,Depok,Java,Indonesia,16424
120798584,"Professor Emeritus of Departamento de Informática, Faculdade de Ciências e Tecnologia, Caparica, Portugal, 2829-516",1,Professor Emeritus of Departamento de Informática,Faculdade de Ciências e Tecnologia,Caparica,,Portugal,2829-516
112657314,"Universitas Indonesia, Key Soft Computer Education, Mehdipatnam, Hyderabad, AP, India",1,Universitas Indonesia,"Key Soft Computer Education, Mehdipatnam",Hyderabad,AP,India,
112627945,"Faculty of Computer Science, Universtias Indonesia, Yogyakarta, Indonesia, 55283",4,Faculty of Computer Science,Universtias Indonesia,Yogyakarta,,Indonesia,55283
60013052,"Centro de Investigacao Marinha e Ambiental, Campus de Gambelas, Faro, Portugal, 8005-139",1,Centro de Investigacao Marinha e Ambiental,Campus de Gambelas,Faro,,Portugal,8005-139
114249453,"Marine and Environmental Research Center, Campus da Penha, Faro, Portugal, 8000-117",1,Marine and Environmental Research Center,Campus da Penha,Faro,,Portugal,8000-117
60025655,"Teesside University, Tees Valley, Middlesbrough, North Yorkshire, United Kingdom, TS1 3BX",1,Teesside University,Tees Valley,Middlesbrough,North Yorkshire,United Kingdom,TS1 3BX
60020599,"University of Twente, Drienerlolaan 5, Enschede, Netherlands, 7522 NB",1,University of Twente,Drienerlolaan 5,Enschede,,Netherlands,7522 NB
60032882,"Technische Universiteit Eindhoven, P.O. 513, Eindhoven, Netherlands, 5600",1,Technische Universiteit Eindhoven,P.O. 513,Eindhoven,,Netherlands,5600
60008408,"University of Zagreb, Trg Republike Hrvatske 14, Zagreb, Croatia, 10000",1,University of Zagreb,Trg Republike Hrvatske 14,Zagreb,,Croatia,10000
121703489,"Universitas Indonesia, Kampus Baru UI Depok, Jawa Barat, Depok, West Java, Indonesia, 16424",1,Universitas Indonesia,"Kampus Baru UI Depok, Jawa Barat",Depok,West Java,Indonesia,16424
104757408,"Department of Occupational Health and Safety, Depok, Java, Indonesia, 16424",1,Department of Occupational Health and Safety,,Depok,Java,Indonesia,16424
112605579,"School of Informatics, Old College South Bridge, Edinburgh, Scotland, United Kingdom, EH8 9YL",2,School of Informatics,Old College South Bridge,Edinburgh,Scotland,United Kingdom,EH8 9YL
104757652,"Department of Biology, Jl. Raya Dramaga, Bogor, West Java, Indonesia, 16680",1,Department of Biology,Jl. Raya Dramaga,Bogor,West Java,Indonesia,16680
100274994,"Department of Biology, Depok, Java, Indonesia, 16424",1,Department of Biology,,Depok,Java,Indonesia,16424
112681850,"Dept. of Informatics, Semarang, Central Java, Indonesia",1,Dept. of Informatics,,Semarang,Central Java,Indonesia,
117872281,"School of Engineering, Balaclava Road, Sydney, NSW, Australia, 2109",1,School of Engineering,Balaclava Road,Sydney,NSW,Australia,2109
100840220,"International Technological University, FPC Consultancy, Los Altos Hills, Sunnyvale, CA, United States, 94085",1,International Technological University,"FPC Consultancy, Los Altos Hills",Sunnyvale,CA,United States,94085
106597813,"Department of Business Development and Technology, Nordre Ringgade 1, Aarhus, Denmark, 8000",3,Department of Business Development and Technology,Nordre Ringgade 1,Aarhus,,Denmark,8000
60026810,"Vrije Universiteit Brussel, Pleinlaan 2, Brussels, BRU, Belgium, 1050",1,Vrije Universiteit Brussel,Pleinlaan 2,Brussels,BRU,Belgium,1050
60003161,"University Politehnica of Bucharest, Splaiul Independenței 313, Bucuresti, Bucharest, 60032",1,University Politehnica of Bucharest,Splaiul Independenței 313,Bucuresti,Bucharest,,60032
103212300,"Telecommunications Department, Splaiul Independenței 313, Bucuresti, Bucharest, 60032",2,Telecommunications Department,Splaiul Independenței 313,Bucuresti,Bucharest,,60032
60028868,"Università di Pisa, Lung'Arno Pacinotti 43, Pisa, PI, Italy, 56126",5,Università di Pisa,Lung'Arno Pacinotti 43,Pisa,PI,Italy,56126
105216101,"Intecs S.p.A., Polo di Att. Montacchiello, Loc. Ospedaletto, Pisa, Italy, 56121",2,Intecs S.p.A.,"Polo di Att. Montacchiello, Loc. Ospedaletto",Pisa,,Italy,56121
115534586,"CONVERGE ICT Solutions and Services SA, 74 Panormou Street, Athens, Greece, 125 23",2,CONVERGE ICT Solutions and Services SA,74 Panormou Street,Athens,,Greece,125 23
60110404,"TECNALIA, Parque Científico y Tecnológico de Gipuzkoa. Mikeletegi Pasealekua 2, Donostia-San Sebastian, Guipuzcoa, Spain, 20009",1,TECNALIA,Parque Científico y Tecnológico de Gipuzkoa. Mikeletegi Pasealekua 2,Donostia-San Sebastian,Guipuzcoa,Spain,20009
60107956,"Hewlett Packard Enterprise, 3000 Hanover Street, Palo Alto, CA, United States, 94304-1112",1,Hewlett Packard Enterprise,3000 Hanover Street,Palo Alto,CA,United States,94304-1112
60107900,"HP Italy Srl, Via Donat Cattin, 5, Cernusco sul Naviglio, Milan, Italy, 20063",1,HP Italy Srl,"Via Donat Cattin, 5, Cernusco sul Naviglio",Milan,,Italy,20063
121694240,"Advanced Parallel Computing Lab Atos Research and Innovation (ARI), Sevilla, Spain",1,Advanced Parallel Computing Lab Atos Research and Innovation (ARI),,Sevilla,,Spain,
111335865,"Atos Research and Innovation, Atos Spain S.A, Spain carlos.cavero@atos.net, Madrid, Spain, 28037",1,Atos Research and Innovation,"Atos Spain S.A, Spain carlos.cavero@atos.net",Madrid,,Spain,28037
120851670,Beia Consult International,1,Beia Consult International,,,,,
112988891,"R and D Department, BEIA Consult International, Bucharest, 041386",1,R and D Department,BEIA Consult International,Bucharest,,,041386
108208968,"Computer Engineering, Wellesely Road, Shivajinagar, Pune, MH, India, 411005",1,Computer Engineering,"Wellesely Road, Shivajinagar",Pune,MH,India,411005
60072181,"European Patent Office, Munich, Bayern, Germany, 80298",1,European Patent Office,,Munich,Bayern,Germany,80298
117018344,"Vocational School, Jl. Raya Dramaga, Bogor, West Java, Indonesia, 16680",1,Vocational School,Jl. Raya Dramaga,Bogor,West Java,Indonesia,16680
121970638,"DNA Laboratory, Indonesia",1,DNA Laboratory,,,,Indonesia,
60031126,"Tokyo Institute of Technology, 2-12-1 O-Okayama, Tokyo, Tokyo, Japan, 152-8550",2,Tokyo Institute of Technology,2-12-1 O-Okayama,Tokyo,Tokyo,Japan,152-8550
104757281,"Department of Oral Biology, Depok, Java, Indonesia, 16424",1,Department of Oral Biology,,Depok,Java,Indonesia,16424
60069407,"Badan Pengkajian dan Penerapan Teknologi, Jakarta, Java, Indonesia",3,Badan Pengkajian dan Penerapan Teknologi,,Jakarta,Java,Indonesia,
108778323,"Department of Computer Science, Bulaksumur, Yogyakarta, Yogyakarta, Indonesia, 55281",1,Department of Computer Science,Bulaksumur,Yogyakarta,Yogyakarta,Indonesia,55281
113905063,"Information System and Technology, Jl. Tamansari 64, Bandung, West Java, Indonesia, 40116",1,Information System and Technology,Jl. Tamansari 64,Bandung,West Java,Indonesia,40116
114423201,"Doctor of Research in Management, Jl. K. H. Syahdan No. 9, Kemanggisan, Palmerah, Jakarta, Indonesia, 11480",1,Doctor of Research in Management,"Jl. K. H. Syahdan No. 9, Kemanggisan, Palmerah",Jakarta,,Indonesia,11480
121985781,"Institut Teknologi Kreatif Bina Nusantara, Jl. K. H. Syahdan No. 9, Kemanggisan, Palmerah, Jakarta, Indonesia, 11480",1,Institut Teknologi Kreatif Bina Nusantara,"Jl. K. H. Syahdan No. 9, Kemanggisan, Palmerah",Jakarta,,Indonesia,11480
118429759,"Sekolah Teknik Elektro Dan Informatika, Jl. Tamansari 64, Bandung, West Java, Indonesia, 40116",1,Sekolah Teknik Elektro Dan Informatika,Jl. Tamansari 64,Bandung,West Java,Indonesia,40116
120994536,"Universitas Islam Syekh Yusuf (UNIS), Tangerang, Tangerang, Indonesia, 15118",1,Universitas Islam Syekh Yusuf (UNIS),Tangerang,Tangerang,,Indonesia,15118
113606204,"Information System Departement, Jl. Diponegoro 52-60, Salatiga, Java, Indonesia, 50711",1,Information System Departement,Jl. Diponegoro 52-60,Salatiga,Java,Indonesia,50711
manual,"Department of Information Technology, UIN Sultan Syarif Qasim Riau, Riau, Indonesia, 28293",1,"Department of Information Technology, UIN Sultan Syarif Qasim Riau",,,Riau,Indonesia,28293
104608856,"Department of Engineering Education, 1600 Old Main Hill, Logan, UT, United States, 84322-1400",3,Department of Engineering Education,1600 Old Main Hill,Logan,UT,United States,84322-1400
121494766,"Faculty of Computer Science, Depok, Indonesia",2,Faculty of Computer Science,,Depok,,Indonesia,
104757294,"Faculty of Computer Science and Information Technology, Depok, Java, Indonesia, 16424",2,Faculty of Computer Science and Information Technology,,Depok,Java,Indonesia,16424
118267876,"E-Government and E-Business Research Lab, Depok, Java, Indonesia, 16424",3,E-Government and E-Business Research Lab,,Depok,Java,Indonesia,16424
60033010,"Intel Corporation, 2200 Mission College Blvd., Santa Clara, CA, United States, 95054-1549",1,Intel Corporation,2200 Mission College Blvd.,Santa Clara,CA,United States,95054-1549
114616110,"Computer Engineering, Depok, Java, Indonesia, 16424",1,Computer Engineering,,Depok,Java,Indonesia,16424
60025272,"University of Tokyo, 7-3-1 Hongo, Bunkyo-ku, Tokyo, Tokyo, Japan, 113-8654",1,University of Tokyo,"7-3-1 Hongo, Bunkyo-ku",Tokyo,Tokyo,Japan,113-8654
104572869,"School of ITEE, St Lucia, Brisbane, QLD, Australia, 4072",1,School of ITEE,St Lucia,Brisbane,QLD,Australia,4072
104572845,"School of Information Technology and Electrical Engineering, St Lucia, Brisbane, QLD, Australia, 4072",1,School of Information Technology and Electrical Engineering,St Lucia,Brisbane,QLD,Australia,4072
118498565,"UBITEC Lab, Tangerang, Tangerang, Indonesia, 15810",1,UBITEC Lab,Tangerang,Tangerang,,Indonesia,15810
60026532,"Microsoft Corporation, One Microsoft Way, Redmond, WA, United States, 98052-6399",2,Microsoft Corporation,One Microsoft Way,Redmond,WA,United States,98052-6399
113504507,"Faculty of Science, Spui 21, Amsterdam, Noord-Holland, Netherlands, 1012 WX",1,Faculty of Science,Spui 21,Amsterdam,Noord-Holland,Netherlands,1012 WX
60118933,"Complexity Institute, Academic Building North, Level 1 Section B Unit No. 7, (ABN-01B-07), 61 Nanyang Drive, Singapore City, Singapore, 637335",1,Complexity Institute,"Academic Building North, Level 1 Section B Unit No. 7, (ABN-01B-07), 61 Nanyang Drive",Singapore City,,Singapore,637335
60024324,"University of Iowa, Iowa City, IA, United States",1,University of Iowa,,Iowa City,IA,United States,
113909540,"Department of Computer Science, 1401 West Green Street, Urbana, IL, United States, 61801",2,Department of Computer Science,1401 West Green Street,Urbana,IL,United States,61801
106617750,"HDF Group, 1800 South Oak Street, Champaign, IL, null61820, Champaign, IL, United States, 61820",1,HDF Group,"1800 South Oak Street, Champaign, IL, null61820",Champaign,IL,United States,61820
108213006,"Department of Psychology, Odegaard Library 022 Odegaard, Seattle, WA, United States, 98195-5502",1,Department of Psychology,Odegaard Library 022 Odegaard,Seattle,WA,United States,98195-5502
60099840,"Loral Space & Communications, 600 Third Avenue, New York, NY, United States, 10016",1,Loral Space & Communications,600 Third Avenue,New York,NY,United States,10016
60022195,"Massachusetts Institute of Technology, 77 Massachusetts Avenue, Cambridge, MA, United States, 02139-4307",1,Massachusetts Institute of Technology,77 Massachusetts Avenue,Cambridge,MA,United States,02139-4307
113860336,"Department of Computer Science, Boulder, CO, United States, 80309",1,Department of Computer Science,,Boulder,CO,United States,80309
60021293,"International Business Machines, 1 New Orchard Road, Armonk, NY, United States, 10504-1722",1,International Business Machines,1 New Orchard Road,Armonk,NY,United States,10504-1722
60027272,"University of Edinburgh, Old College South Bridge, Edinburgh, Scotland, United Kingdom, EH8 9YL",3,University of Edinburgh,Old College South Bridge,Edinburgh,Scotland,United Kingdom,EH8 9YL
104757713,"Department of Agroindustrial Technology, Jl. Raya Dramaga, Bogor, West Java, Indonesia, 16680",1,Department of Agroindustrial Technology,Jl. Raya Dramaga,Bogor,West Java,Indonesia,16680
123296381,"Universitas Maarif Hasyim Latif, Sidoarjo, Sidoarjo, Indonesia",1,Universitas Maarif Hasyim Latif,Sidoarjo,Sidoarjo,,Indonesia,
120552312,"Department of Industrial Engineering, Jl. Gatot Subroto, PO Box 807 (PINDAD), Bandung, West Java, Bandung, Indonesia, 40285",1,Department of Industrial Engineering,"Jl. Gatot Subroto, PO Box 807 (PINDAD), Bandung, West Java",Bandung,,Indonesia,40285
60106860,"Universitas Khairun, Jl. Pertamina Kampus II Unkhair Gambesi Kota, Ternate, Indonesia",2,Universitas Khairun,Jl. Pertamina Kampus II Unkhair Gambesi Kota,Ternate,,Indonesia,
121236516,"KPSI, Jakarta, Indonesia",1,KPSI,,Jakarta,,Indonesia,
121452888,"STMIK Global Informatika MDP, Palembang, Palembang, Indonesia",3,STMIK Global Informatika MDP,Palembang,Palembang,,Indonesia,
121451942,"Akademi Manajemen Informatika Dan Komputer MDP, Palembang, Palembang, Indonesia",1,Akademi Manajemen Informatika Dan Komputer MDP,Palembang,Palembang,,Indonesia,
107784073,"Center for Political Studies, Jakarta, Java, Indonesia",1,Center for Political Studies,,Jakarta,Java,Indonesia,
104758239,"Research Center for Development of Science and Technology, Jakarta, Java, Indonesia",1,Research Center for Development of Science and Technology,,Jakarta,Java,Indonesia,
119166701,"Program Studi Magister Ilmu Komputer, Jl. Ciledug Raya, Petukangan Utara, Jakarta Selatan, Jakarta, Indonesia",1,Program Studi Magister Ilmu Komputer,"Jl. Ciledug Raya, Petukangan Utara, Jakarta Selatan",Jakarta,,Indonesia,
120668492,"Center of Renewable Energy Studies, Jl. Radin Inten II, Pondok Kelapa, East Jakarta, Jakarta, Indonesia, 13450",1,Center of Renewable Energy Studies,"Jl. Radin Inten II, Pondok Kelapa, East Jakarta",Jakarta,,Indonesia,13450
113323340,"Department of Chemical Engineering, Jalan Dr. T. Mansur No. 9, Kampus Padang Bulan, Medan, North Sumatra, Indonesia, 20155",1,Department of Chemical Engineering,"Jalan Dr. T. Mansur No. 9, Kampus Padang Bulan",Medan,North Sumatra,Indonesia,20155
106435640,"Department of Industrial Engineering, Kampus Limau Manis, Padang, West Sumatra, Indonesia, 25163",1,Department of Industrial Engineering,Kampus Limau Manis,Padang,West Sumatra,Indonesia,25163
118339938,"Department of Electronic and Information Engineering, Bulaksumur, Yogyakarta, Yogyakarta, Indonesia, 55281",1,Department of Electronic and Information Engineering,Bulaksumur,Yogyakarta,Yogyakarta,Indonesia,55281
113471683,"Department of Clinical Pathology, Jalan Pangeran Diponegoro No.71, Kenari, Senen, RW.5, Kenari, RW.5, Kenari, Senen, Kota Jakarta Pusat, Daerah Khusus Ibukota, Jakarta, Indonesia, 10430",1,Department of Clinical Pathology,"Jalan Pangeran Diponegoro No.71, Kenari, Senen, RW.5, Kenari, RW.5, Kenari, Senen, Kota Jakarta Pusat, Daerah Khusus Ibukota",Jakarta,,Indonesia,10430
118668751,"Faculty of Computer Science, Palembang, Palembang, Indonesia, 30128",6,Faculty of Computer Science,Palembang,Palembang,,Indonesia,30128
118261807,"Department of Information System, Bengkulu, Bengkulu, Indonesia, 38119",1,Department of Information System,Bengkulu,Bengkulu,,Indonesia,38119
121032242,"Department of Informatics, Komplek Masjid Agung Al Azhar, Jakarta, Indonesia, 12110",1,Department of Informatics,Komplek Masjid Agung Al Azhar,Jakarta,,Indonesia,12110
118186130,"Department of Informatics, Bengkulu, Bengkulu, Indonesia, 38119",1,Department of Informatics,Bengkulu,Bengkulu,,Indonesia,38119
60121697,"YARSI University, Menara YARSI, Kav. 13, Jl. Let. Jend. Suprapto. Cempaka Putih, Central Jakarta, Jakarta, Indonesia, 10510",3,YARSI University,"Menara YARSI, Kav. 13, Jl. Let. Jend. Suprapto. Cempaka Putih",Central Jakarta,Jakarta,Indonesia,10510
120901339,"Department of Information System, JL. A. Yani 117, Surabaya, East Java, Indonesia, 60237",1,Department of Information System,JL. A. Yani 117,Surabaya,East Java,Indonesia,60237
123372835,"Faculty of Information Technology, Menara YARSI, Kav. 13, Jl. Let. Jend. Suprapto. Cempaka Putih, Central Jakarta, Jakarta, Indonesia, 10510",7,Faculty of Information Technology,"Menara YARSI, Kav. 13, Jl. Let. Jend. Suprapto. Cempaka Putih",Central Jakarta,Jakarta,Indonesia,10510
60106037,"Universitas Islam Negeri Syarif Hidayatullah Jakarta, Jakarta, Indonesia",1,Universitas Islam Negeri Syarif Hidayatullah Jakarta,,Jakarta,,Indonesia,
100458054,"Bogor Institute of Agricultural Sciences, Baranangsiang IPB Campus, Bogor, West Java, Indonesia, 16143",1,Bogor Institute of Agricultural Sciences,Baranangsiang IPB Campus,Bogor,West Java,Indonesia,16143
123224651,"Informatics Department of Mathematics, Jl. Ir. Sutami 36A, Kentingan Jebres Surakarta, Surakarta, Indonesia, 57126",1,Informatics Department of Mathematics,"Jl. Ir. Sutami 36A, Kentingan Jebres Surakarta",Surakarta,,Indonesia,57126
60104399,"Universitas Bakrie, Jl.H.R Rasuna Said Kav C-22, Kuningan, Jakarta, Indonesia, 12920",1,Universitas Bakrie,"Jl.H.R Rasuna Said Kav C-22, Kuningan",Jakarta,,Indonesia,12920
122434007,"Faculty of Computer Science, Jl. Ciledug Raya, Petukangan Utara, Jakarta Selatan, Jakarta, Indonesia",1,Faculty of Computer Science,"Jl. Ciledug Raya, Petukangan Utara, Jakarta Selatan",Jakarta,,Indonesia,
60032530,"Université de Tours, 60 rue du Plat D'Etain, Tours, Centre-Val de Loire, France, 37020, Cedex 1",1,Université de Tours,60 rue du Plat D'Etain,Tours,Centre-Val de Loire,France,"37020, Cedex 1"
60008950,"Australian National University, Canberra, ACT, Australia, 200",1,Australian National University,,Canberra,ACT,Australia,200
60102083,"Shenzhen Institute of Advanced Technology, Xueyuan avenue 1068, Shenzhen University Town, Shenzhen, China, 518055",1,Shenzhen Institute of Advanced Technology,"Xueyuan avenue 1068, Shenzhen University Town",Shenzhen,,China,518055
103995381,"Clayton School of Information Technology, Wellington Road, Melbourne, VIC, Australia, 3800",1,Clayton School of Information Technology,Wellington Road,Melbourne,VIC,Australia,3800
107909290,"Department of Information Technology, Wellington Road, Melbourne, VIC, Australia, 3800",1,Department of Information Technology,Wellington Road,Melbourne,VIC,Australia,3800
121896413,"Department of Informatics, Jl. Scientia Boulevard, Gading Serpong, Tangerang, Banten, Indonesia, 15811",1,Department of Informatics,"Jl. Scientia Boulevard, Gading Serpong",Tangerang,Banten,Indonesia,15811
104758235,"Research Center for Limnology, Jakarta, Java, Indonesia",1,Research Center for Limnology,,Jakarta,Java,Indonesia,
118335921,"Universitas Esa Unggul, STIKOM CKI, Jakarta, West Sulawesi, Indonesia, 11510",1,Universitas Esa Unggul,STIKOM CKI,Jakarta,West Sulawesi,Indonesia,11510
103636925,"Faculty of Computing and Informatics, Jalan Ayer Keroh Lama, Malacca Town, Selangor, Malaysia, 75450",1,Faculty of Computing and Informatics,Jalan Ayer Keroh Lama,Malacca Town,Selangor,Malaysia,75450
116379651,"Informatics Engineering, Jakarta, Indonesia",1,Informatics Engineering,,Jakarta,,Indonesia,
60025017,"Nara Institute of Science and Technology, 8916-5 Takayamacho, Ikoma, Nara, Japan, 630-0192",2,Nara Institute of Science and Technology,8916-5 Takayamacho,Ikoma,Nara,Japan,630-0192
60002014,"The Royal Institute of Technology (KTH), Valhallavagen 79, Stockholm, Stockholm, Sweden, 100 44",1,The Royal Institute of Technology (KTH),Valhallavagen 79,Stockholm,Stockholm,Sweden,100 44
122540858,"Department of InformationSystem, Palembang, Palembang, Indonesia, 30128",1,Department of InformationSystem,Palembang,Palembang,,Indonesia,30128
121033243,"SEEK Ltd., Melbourne, Australia",1,SEEK Ltd.,,Melbourne,,Australia,
60011362,"RMIT University, GPO Box 2476V, Melbourne, Vic, Australia, 3001",4,RMIT University,GPO Box 2476V,Melbourne,Vic,Australia,3001
60014313,"University of Massachusetts Amherst, 300 Massachusetts Avenue, Amherst MA, MA, United States, 01003-9290",1,University of Massachusetts Amherst,300 Massachusetts Avenue,Amherst MA,MA,United States,01003-9290
108180714,"Faculty of Computing, Sultan Ibrahim Chancellery Building, Johor Bahru, Johor, Malaysia, 81310",1,Faculty of Computing,Sultan Ibrahim Chancellery Building,Johor Bahru,Johor,Malaysia,81310
113461843,"Faculty of Computer Science, Universitätsplatz 1 - piazza Università 1 I-39100 Bozen-Bolzano, Bozen-Bolzano, BZ, Italy, 39100",1,Faculty of Computer Science,Universitätsplatz 1 - piazza Università 1 I-39100 Bozen-Bolzano,Bozen-Bolzano,BZ,Italy,39100
60000256,"Max Planck Institut für Informatik, Stuhlsatzenhausweg 85, Saarbrucken, Saarland, Germany, 66123",2,Max Planck Institut für Informatik,Stuhlsatzenhausweg 85,Saarbrucken,Saarland,Germany,66123
113210625,"Department of Computer Science, Piazzale Aldo Moro 5, Rome, RM, Italy, 185",1,Department of Computer Science,Piazzale Aldo Moro 5,Rome,RM,Italy,185
118438301,"Saarland Informatics Campus, Stuhlsatzenhausweg 85, Saarbrucken, Saarland, Germany, 66123",1,Saarland Informatics Campus,Stuhlsatzenhausweg 85,Saarbrucken,Saarland,Germany,66123
60009914,"Free University of Bozen-Bolzano, Universitätsplatz 1 - piazza Università 1 I-39100 Bozen-Bolzano, Bozen-Bolzano, BZ, Italy, 39100",1,Free University of Bozen-Bolzano,Universitätsplatz 1 - piazza Università 1 I-39100 Bozen-Bolzano,Bozen-Bolzano,BZ,Italy,39100
123143883,"Cloud Platform User Experience, Dietmar-Hopp-Allee 16, Walldorf, Baden-Wurttemberg, Germany, 69190",1,Cloud Platform User Experience,Dietmar-Hopp-Allee 16,Walldorf,Baden-Wurttemberg,Germany,69190
114959872,"Department of Computer Science, Jl. Dr. Setiabudhi No. 229, Bandung, West Java, Indonesia, 40154",3,Department of Computer Science,Jl. Dr. Setiabudhi No. 229,Bandung,West Java,Indonesia,40154
60030788,"Hiroshima University, 1-3-2 Kagamiyama, Higashihiroshima, Japan, 739-8511",2,Hiroshima University,1-3-2 Kagamiyama,Higashihiroshima,,Japan,739-8511
112469371,"Graduate School of Engineering, 1-3-2 Kagamiyama, Higashihiroshima, Japan, 739-8511",2,Graduate School of Engineering,1-3-2 Kagamiyama,Higashihiroshima,,Japan,739-8511
115256099,"School of Computing, Jl.Telekomunikasi 1, Dayeuh Kolot, Bandung West Java, West Java, Indonesia, 40257",1,School of Computing,"Jl.Telekomunikasi 1, Dayeuh Kolot",Bandung West Java,West Java,Indonesia,40257
114176633,"Faculty of Computer Science, Jl. Margonda Raya, Pondok Cina, Beji, Kota Depok, Depok, West Java, Indonesia, 16424",2,Faculty of Computer Science,"Jl. Margonda Raya, Pondok Cina, Beji, Kota Depok",Depok,West Java,Indonesia,16424
123417163,"Civil Engineering Faculty, Padang, Padang, West Sumatra, Indonesia, 25171",1,Civil Engineering Faculty,Padang,Padang,West Sumatra,Indonesia,25171
60105733,"Gunadarma University, Jl. Margonda Raya 100, Depok, West Java, Indonesia, 16424",2,Gunadarma University,Jl. Margonda Raya 100,Depok,West Java,Indonesia,16424
121371594,"Department of Computer Science, Jl. Rawamangun Muka, Jakarta, Indonesia, 13220",1,Department of Computer Science,Jl. Rawamangun Muka,,Jakarta,Indonesia,13220
118365643,"Kampus Baru UI Depok, Depok, Java, Indonesia, 16424",3,Kampus Baru UI Depok,,Depok,Java,Indonesia,16424
117868694,"Department of Electronics and Communication Engineering, Kasavanahalli, Carmelaram, Bengaluru, KA, India, 560035",1,Department of Electronics and Communication Engineering,"Kasavanahalli, Carmelaram",Bengaluru,KA,India,560035
122808827,Asian Development Committee,1,Asian Development Committee,,,,,
60105231,"Universitas Pendidikan Ganesha, Bali, Indonesia",3,Universitas Pendidikan Ganesha,,Bali,,Indonesia,
60031706,"Utah State University, 1600 Old Main Hill, Logan, UT, United States, 84322-1400",1,Utah State University,1600 Old Main Hill,Logan,UT,United States,84322-1400
108608839,"Logan High School, 162 West 100 South, Loganm UT, Logan, UT, United States, 84321",1,Logan High School,"162 West 100 South, Loganm UT",Logan,UT,United States,84321
112795679,"INTECH COLLEGIATE HIGH SCHOOL, 1787 RESEARCH PKWY, NORTH LOGAN, Logan, UT, United States, 84341",2,INTECH COLLEGIATE HIGH SCHOOL,"1787 RESEARCH PKWY, NORTH LOGAN",Logan,UT,United States,84341
103566786,"Department of Educational and Counselling Psychology and Special Education, 2329 West Mall Vancouver, Vancouver, BC, Canada, V6T 1Z4",1,Department of Educational and Counselling Psychology and Special Education,2329 West Mall Vancouver,Vancouver,BC,Canada,V6T 1Z4
103520814,"Department of Psychopedagogy and Andragogy, 2900, boul. Édouard-Montpetit, Montreal, QC, Canada, H3T 1J4",1,Department of Psychopedagogy and Andragogy,"2900, boul. Édouard-Montpetit",Montreal,QC,Canada,H3T 1J4
108613238,"Department of Instructional Technology and Learning Sciences, 1600 Old Main Hill, Logan, UT, United States, 84322-1400",1,Department of Instructional Technology and Learning Sciences,1600 Old Main Hill,Logan,UT,United States,84322-1400
113004046,"Technology and Engineering Education, United States",1,Technology and Engineering Education,,,,United States,
60005809,"University of Pardubice, Studentska 95, 532 10, Pardubice, Czech Republic, 2",1,University of Pardubice,"Studentska 95, 532 10",Pardubice,,Czech Republic,2
122818049,"Department of Elecrical Endineering, Studentska 95, 532 10, Pardubice, Czech Republic, 2",1,Department of Elecrical Endineering,"Studentska 95, 532 10",Pardubice,,Czech Republic,2
123076911,"Indonesia Campus ITS, Gedung Rektorat Lantai 2, Surabaya, East Java, Indonesia, 60111",1,Indonesia Campus ITS,Gedung Rektorat Lantai 2,Surabaya,East Java,Indonesia,60111
118584111,"Fakultě elektrotechniky a informatiky, Studentska 95, 532 10, Pardubice, Czech Republic, 2",1,Fakultě elektrotechniky a informatiky,"Studentska 95, 532 10",Pardubice,,Czech Republic,2
123078119,"Puspiptek Complex, Jl. Kuningan Barat, Mampang Prapatan, Jakarta, Java, Indonesia, 12710",1,Puspiptek Complex,"Jl. Kuningan Barat, Mampang Prapatan",Jakarta,Java,Indonesia,12710
100655206,"ERA a.s., Prumyslova 387, Pardubice, Czech Republic, 530 03",1,ERA a.s.,Prumyslova 387,Pardubice,,Czech Republic,530 03
104580806,"Faculty of Civil and Geodetic Engineering, Kongresni trg 12, Ljubljana, Slovenia, 1000",1,Faculty of Civil and Geodetic Engineering,Kongresni trg 12,Ljubljana,,Slovenia,1000
123412936,"CVS Mobile, Slovenia",1,CVS Mobile,,,,Slovenia,
104211192,"School of Computer Science and Informatics, Park Place, Cardiff, South Glamorgan, Wales, United Kingdom, CF10 3AT",2,School of Computer Science and Informatics,Park Place,Cardiff,"South Glamorgan, Wales",United Kingdom,CF10 3AT
60010325,"Istituto Di Calcolo E Reti Ad Alte Prestazioni, Rende, Via Pietro Bucci - Cubo 41C, Rende, CS, Italy, 87036",1,"Istituto Di Calcolo E Reti Ad Alte Prestazioni, Rende",Via Pietro Bucci - Cubo 41C,Rende,CS,Italy,87036
121516187,"Meraka Cyberinfrastructure, Meiring Naude Road, Pretoria, Gauteng, South Africa, 1",1,Meraka Cyberinfrastructure,Meiring Naude Road,Pretoria,Gauteng,South Africa,1
122273309,"School of Compputing, Jl.Telekomunikasi 1, Dayeuh Kolot, Bandung West Java, West Java, Indonesia, 40257",1,School of Compputing,"Jl.Telekomunikasi 1, Dayeuh Kolot",Bandung West Java,West Java,Indonesia,40257
60031004,"University of Queensland, St Lucia, Brisbane, QL, Australia, 4072",1,University of Queensland,St Lucia,Brisbane,QL,Australia,4072
60011019,"Queensland University of Technology QUT, 2 George Street, Brisbane, QLD, Australia, 4000",1,Queensland University of Technology QUT,2 George Street,Brisbane,QLD,Australia,4000
123297803,"Communication and Information System Security Research Center, Indonesia",1,Communication and Information System Security Research Center,,,,Indonesia,
111157152,"Informatics Department, Jl. M.H. Thamrin Boulevard, Tangerang, Banten, Indonesia, 15811",1,Informatics Department,Jl. M.H. Thamrin Boulevard,Tangerang,Banten,Indonesia,15811
108448369,"Faculty of Engineering, Sudirman Streeth 51, Jakarta, Indonesia, 12930",1,Faculty of Engineering,Sudirman Streeth 51,Jakarta,,Indonesia,12930
118594380,"Australian Research Council Centre of Excellence for Mathematical and Statistical Frontiers (ACEMS), 2 George Street, Brisbane, QLD, Australia, 4000",1,Australian Research Council Centre of Excellence for Mathematical and Statistical Frontiers (ACEMS),2 George Street,Brisbane,QLD,Australia,4000
112729833,"Department of Computer Science, 27 King's College Circle, Toronto, ON, Canada, M5S 1A1",1,Department of Computer Science,27 King's College Circle,Toronto,ON,Canada,M5S 1A1
103608659,"School of Computer Science and Information Technology, GPO Box 2476V, Melbourne, Vic, Australia, 3001",2,School of Computer Science and Information Technology,GPO Box 2476V,Melbourne,Vic,Australia,3001
120049198,"Ministry of Industry, Jl. Gatot Subroto Kav.52-53, Jakarta, Indonesia, 12950",1,Ministry of Industry,Jl. Gatot Subroto Kav.52-53,Jakarta,,Indonesia,12950
103939784,"Institute for Theoretical Computer Science, Nöthnitzer Strasse 43, Dresden, Sachsen, Germany, 1187",1,Institute for Theoretical Computer Science,Nöthnitzer Strasse 43,Dresden,Sachsen,Germany,1187
60019578,"Monash University, Wellington Road, Melbourne, VIC, Australia, 3800",1,Monash University,Wellington Road,Melbourne,VIC,Australia,3800
60024751,"Nagoya Institute of Technology, Gokiso-cho, Showa-ku, Nagoya, Aichi, Japan, 466-8555",2,Nagoya Institute of Technology,"Gokiso-cho, Showa-ku",Nagoya,Aichi,Japan,466-8555
113565783,"Department of Computer Science and Engineering, Gokiso-cho, Showa-ku, Nagoya, Aichi, Japan, 466-8555",1,Department of Computer Science and Engineering,"Gokiso-cho, Showa-ku",Nagoya,Aichi,Japan,466-8555
60013141,"Norges Teknisk-Naturvitenskapelige Universitet, Trondheim, Sor-Trondelag, Norway, 7491",1,Norges Teknisk-Naturvitenskapelige Universitet,,Trondheim,Sor-Trondelag,Norway,7491
103690824,"Department of Information Security and Communication Technology, Trondheim, Sor-Trondelag, Norway, 7491",1,Department of Information Security and Communication Technology,,Trondheim,Sor-Trondelag,Norway,7491
112450056,"Department of Computer Science, 6100 Main Street, Houston, TX, United States, 77005-1827",1,Department of Computer Science,6100 Main Street,Houston,TX,United States,77005-1827
103060925,"School of Computer Science, 200 University Avenue West, Waterloo, ON, Canada, N2L 3G1",1,School of Computer Science,200 University Avenue West,Waterloo,ON,Canada,N2L 3G1
122133290,"Digital Services Division, PT Telekomunikasi Indonesia, Jakarta Pusat, Jakarta, Indonesia, 10110",1,Digital Services Division,"PT Telekomunikasi Indonesia, Jakarta Pusat",Jakarta,,Indonesia,10110
113529656,"Biomedical Engineering Study Program, Depok, Java, Indonesia, 16424",1,Biomedical Engineering Study Program,,Depok,Java,Indonesia,16424
60069415,"Tarumanagara University, Jakarta, Java, Indonesia",1,Tarumanagara University,,Jakarta,Java,Indonesia,
109524105,"Climatological and Geophysical Agency, Jakarta, Jakarta, Indonesia, 10720",1,Climatological and Geophysical Agency,Jakarta,Jakarta,,Indonesia,10720
120498330,"Department of Management Information Systems, Jl. K. H. Syahdan No. 9, Kemanggisan, Palmerah, Jakarta, Indonesia, 11480",1,Department of Management Information Systems,"Jl. K. H. Syahdan No. 9, Kemanggisan, Palmerah",Jakarta,,Indonesia,11480
113835662,"Graduate Program in Information System Management, Jl. K. H. Syahdan No. 9, Kemanggisan, Palmerah, Jakarta, Indonesia, 11480",1,Graduate Program in Information System Management,"Jl. K. H. Syahdan No. 9, Kemanggisan, Palmerah",Jakarta,,Indonesia,11480
121884523,"STMIK MDP Palembang, South Sumatera, Palembang, Indonesia",1,STMIK MDP Palembang,South Sumatera,Palembang,,Indonesia,
60105082,"Universitas Negeri Surabaya, Jl. Ketintang, Surabaya, Indonesia, 60231",1,Universitas Negeri Surabaya,Jl. Ketintang,Surabaya,,Indonesia,60231
60019702,"University of Birmingham, Ring Road, Birmingham, West Midlands, United Kingdom, B15 2TT",1,University of Birmingham,Ring Road,Birmingham,West Midlands,United Kingdom,B15 2TT
60103907,"Nippon Hoso Kyokai, 2-2-1 Jinnan, Tokyo, Tokyo, Japan, 150-8001",1,Nippon Hoso Kyokai,2-2-1 Jinnan,Tokyo,Tokyo,Japan,150-8001
104581980,"Department of Computer Science, 2-12-1 O-Okayama, Tokyo, Tokyo, Japan, 152-8550",1,Department of Computer Science,2-12-1 O-Okayama,Tokyo,Tokyo,Japan,152-8550
104260943,"Graduate School of Science and Technology, 8916-5 Takayamacho, Ikoma, Nara, Japan, 630-0192",1,Graduate School of Science and Technology,8916-5 Takayamacho,Ikoma,Nara,Japan,630-0192
60104653,"Universite Grenoble Alpes, 621 avenue Centrale, Saint Martin d'Heres, Auvergne-Rhone-Alpes, France, 38400",1,Universite Grenoble Alpes,621 avenue Centrale,Saint Martin d'Heres,Auvergne-Rhone-Alpes,France,38400
60071354,"Hanoi University of Science and Technology, No. 1 - Dai Co Viet road, Hanoi, Viet Nam",1,Hanoi University of Science and Technology,No. 1 - Dai Co Viet road,Hanoi,,Viet Nam,
60031214,"Université d'Avignon et des Pays du Vaucluse, 74, rue Louis Pasteur, Avignon, France, 84029",1,Université d'Avignon et des Pays du Vaucluse,"74, rue Louis Pasteur",Avignon,,France,84029
112250893,"Electrical Engineering Department, Sekolah Tinggi Teknik - PLN, Jakarta, Indonesia, 60111",1,Electrical Engineering Department,Sekolah Tinggi Teknik - PLN,Jakarta,,Indonesia,60111
104416009,"Language Technologies Institute, 5000 Forbes Avenue, Pittsburgh, PA, United States, 15213",1,Language Technologies Institute,5000 Forbes Avenue,Pittsburgh,PA,United States,15213
60032325,"Japan National Institute of Information and Communications Technology, 4-2-1 Nukuikitamachi, Koganei, Tokyo, Japan, 184-8795",1,Japan National Institute of Information and Communications Technology,4-2-1 Nukuikitamachi,Koganei,Tokyo,Japan,184-8795
60087584,"Universitas Kristen Maranatha, Jl. Prof. drg. Suria Sumantri, MPH. No. 65, Bandung, West Java, Indonesia, 40164",1,Universitas Kristen Maranatha,"Jl. Prof. drg. Suria Sumantri, MPH. No. 65",Bandung,West Java,Indonesia,40164
112693276,"HELP University, Damansara Heights, Kuala Lumpur, Selangor, Malaysia, 50490",1,HELP University,Damansara Heights,Kuala Lumpur,Selangor,Malaysia,50490
114165345,"CNRS - UMR 8623, 3/2 Street, Can Tho, Viet Nam",1,CNRS - UMR 8623,3/2 Street,Can Tho,,Viet Nam,
60027031,"Institut de Recherche en Informatique et Systèmes Aléatoires, 263 Avenue du Général Leclerc, CS 74205, Rennes, France, 35042",1,Institut de Recherche en Informatique et Systèmes Aléatoires,"263 Avenue du Général Leclerc, CS 74205",Rennes,,France,35042
60008134,"CNRS Centre National de la Recherche Scientifique, 3 rue Michel-Ange, Paris, France, 75794",1,CNRS Centre National de la Recherche Scientifique,3 rue Michel-Ange,Paris,,France,75794
60106208,"Laboratoire de Recherche en Informatique, Bât 650 Ada Lovelace / Bat 660 Claude Shannon, Université Paris Sud Rue Noetzlin, Gif-sur-Yvette, France, 91190",1,Laboratoire de Recherche en Informatique,"Bât 650 Ada Lovelace / Bat 660 Claude Shannon, Université Paris Sud Rue Noetzlin",Gif-sur-Yvette,,France,91190
109138629,"Information School, Western Bank, Sheffield, United Kingdom, S10 2TN",1,Information School,Western Bank,Sheffield,,United Kingdom,S10 2TN
60031101,"University of Cambridge, The Old Schools, Trinity Lane, Cambridge, Cambridgeshire, United Kingdom, CB2 1TN",1,University of Cambridge,"The Old Schools, Trinity Lane",Cambridge,Cambridgeshire,United Kingdom,CB2 1TN
100805340,"Graham Technology Plc, 41 Carlyle Avenue, Hillington, Glasgow, Scotland, United Kingdom, G52 4XX",1,Graham Technology Plc,"41 Carlyle Avenue, Hillington",Glasgow,Scotland,United Kingdom,G52 4XX
119050053,"STMIK Primakara Denpasar, Indonesia",1,STMIK Primakara Denpasar,,,,Indonesia,
60005745,"University of Minnesota System, MN, United States",1,University of Minnesota System,,,MN,United States,
60069391,"Universitas Udayana, Kampus Bukit Jimbaran, Kabupaten Badung,, Bali, West Nusa Tenggara, Indonesia",1,Universitas Udayana,"Kampus Bukit Jimbaran, Kabupaten Badung,",Bali,West Nusa Tenggara,Indonesia,
123060844,"CLOUDS Laboratory, The University of Melbourne, Melbourne, VIC, Australia, 3010",1,CLOUDS Laboratory,The University of Melbourne,Melbourne,VIC,Australia,3010
123384514,"Cloud Computing and Distributed Systems (CLOUDS) Laboratory, 7/26 Sir J. Monash Dr., Caulfield E., Melbourne, VIC, Australia, 8001",1,Cloud Computing and Distributed Systems (CLOUDS) Laboratory,"7/26 Sir J. Monash Dr., Caulfield E.",Melbourne,VIC,Australia,8001
104757401,"Department of Medical Biology, Depok, Java, Indonesia, 16424",1,Department of Medical Biology,,Depok,Java,Indonesia,16424
60106585,"Universitas Malikussaleh, Main Campus Cot Tengku Nie Reuleut, Aceh Utara, Aceh, Indonesia",1,Universitas Malikussaleh,Main Campus Cot Tengku Nie Reuleut,Aceh Utara,Aceh,Indonesia,
122136347,"Faculty of Information Technology, Depok, Java, Indonesia, 16424",1,Faculty of Information Technology,,Depok,Java,Indonesia,16424
60016775,"International Islamic University Malaysia, P.O. Box 10, 50728, Kuala Lumpur, Malaysia, Malaysia, 50728",1,International Islamic University Malaysia,"P.O. Box 10, 50728",Kuala Lumpur,Malaysia,Malaysia,50728
60117888,"Cyber Security, TU Delft, Delft, Zuid-Holland, Netherlands",1,"Cyber Security, TU Delft",,Delft,Zuid-Holland,Netherlands,
121790813,"College of Health Sciences (Sekolah Tinggi Ilmu Kesehatan) Hang Tuah, Surabaya, Indonesia",1,College of Health Sciences (Sekolah Tinggi Ilmu Kesehatan) Hang Tuah,,Surabaya,,Indonesia,
113962845,"Laboratory of Pharmacology, 1st Floor of Rektorat Building Veteran Street, Malang, East Java, Indonesia, 65145",1,Laboratory of Pharmacology,1st Floor of Rektorat Building Veteran Street,Malang,East Java,Indonesia,65145
110595146,"Department of Computer Science, Kampus Bukit Jimbaran, Kabupaten Badung,, Bali, West Nusa Tenggara, Indonesia",3,Department of Computer Science,"Kampus Bukit Jimbaran, Kabupaten Badung,",Bali,West Nusa Tenggara,Indonesia,
122397156,"Universitas Indonesia, Jl. Lingkar UI, Depok, Depok, West Java, Indonesia, 16424",1,Universitas Indonesia,"Jl. Lingkar UI, Depok",Depok,West Java,Indonesia,16424
117080912,"Department of Pediatric Dentistry, Depok, Java, Indonesia, 16424",2,Department of Pediatric Dentistry,,Depok,Java,Indonesia,16424
116079411,"Faculty of Industrial Technology, Jl. Margonda Raya 100, Depok, West Java, Indonesia, 16424",2,Faculty of Industrial Technology,Jl. Margonda Raya 100,Depok,West Java,Indonesia,16424
115157111,"Faculty of Computer Science, UNamur, United States",1,Faculty of Computer Science,UNamur,,,United States,
60102127,"Aix Marseille Université, 58 Boulevard Charles Livon, Marseille, France, 13284",1,Aix Marseille Université,58 Boulevard Charles Livon,Marseille,,France,13284
60118847,"School of Computing and Information Systems, The University of Melbourne, Melbourne, VIC, Australia, 3010",1,School of Computing and Information Systems,The University of Melbourne,Melbourne,VIC,Australia,3010
114942382,"Alumni Association, Indonesian Computing Olympiad Team, Indonesia",1,Alumni Association,Indonesian Computing Olympiad Team,,,Indonesia,
113035762,"Department of Geography, Depok, Java, Indonesia, 16424",1,Department of Geography,,Depok,Java,Indonesia,16424
60016605,"Charles University, Ovocnu trh 3-5, Prague Praha, Czech Republic, 11636",1,Charles University,Ovocnu trh 3-5,Prague Praha,,Czech Republic,11636
121771747,"Univesitas Mercu Buana, STIKOM CKI, Jakarta, West Sulawesi, Indonesia, 11510",1,Univesitas Mercu Buana,STIKOM CKI,Jakarta,West Sulawesi,Indonesia,11510
104599286,"Institute of Computer Science, Wilhelmsplatz 1, Gottingen, Niedersachsen, Germany, 37073",1,Institute of Computer Science,Wilhelmsplatz 1,Gottingen,Niedersachsen,Germany,37073
112605630,"Department of Computer Engineering, ln.Palembang Prabumulih Km.32., Indralaya, South Sumatra, Indonesia",1,Department of Computer Engineering,ln.Palembang Prabumulih Km.32.,Indralaya,South Sumatra,Indonesia,
114565762,"College of Computer Science and Information Technology, Al-Baha, Saudi Arabia",1,College of Computer Science and Information Technology,,Al-Baha,,Saudi Arabia,
122252530,"Kata Research Team, Kata.ai, Jakarta, Indonesia",1,Kata Research Team,Kata.ai,Jakarta,,Indonesia,
60083112,"Fondazione Bruno Kessler, Via Santa Croce 77, Trento, TN, Italy, 38100",1,Fondazione Bruno Kessler,Via Santa Croce 77,Trento,TN,Italy,38100
60026415,"Stony Brook University, Nicolls Road, Stony Brook, NY, United States, 11794",4,Stony Brook University,Nicolls Road,Stony Brook,NY,United States,11794
114013063,"Allen Institute for Artificial Intelligence, 2157 N Northlake Way, Seattle, WA, United States, 98103",1,Allen Institute for Artificial Intelligence,2157 N Northlake Way,Seattle,WA,United States,98103
60106643,"Universitas Widyatama, Kota Bandung, West Java, Indonesia",1,Universitas Widyatama,,Kota Bandung,West Java,Indonesia,
121021202,"Statistics Indonesia, Statistics Indonesia, Jakarta, Indonesia",1,Statistics Indonesia,Statistics Indonesia,Jakarta,,Indonesia,
117253176,"Lembaga Sandi Negara, JL. Harsono RM 70, Jakarta, Indonesia, 12550",1,Lembaga Sandi Negara,JL. Harsono RM 70,Jakarta,,Indonesia,12550
120805212,"STIKI Malang, J1. Raya Tidar No 100, Malang City, Malang, East Java, Indonesia, 65146",1,STIKI Malang,"J1. Raya Tidar No 100, Malang City",Malang,East Java,Indonesia,65146
116379622,"Faculty of Science and Technology, Jakarta, Indonesia",2,Faculty of Science and Technology,,Jakarta,,Indonesia,
104462219,"School of Information Technology and Engineering, 550 Cumberland Street, Ottawa, ON, Canada, K1N 6N5",1,School of Information Technology and Engineering,550 Cumberland Street,Ottawa,ON,Canada,K1N 6N5
103828369,"Department of Electrical Engineering, Richardson Hall, Suite 112, Kingston, ON, Canada, K7L 3N6",1,Department of Electrical Engineering,"Richardson Hall, Suite 112",Kingston,ON,Canada,K7L 3N6
60016005,"Queen's University, Kingston, Richardson Hall, Suite 112, Kingston, ON, Canada, K7L 3N6",1,"Queen's University, Kingston","Richardson Hall, Suite 112",Kingston,ON,Canada,K7L 3N6
117990590,"Department of Orthodontics, Depok, Java, Indonesia, 16424",3,Department of Orthodontics,,Depok,Java,Indonesia,16424
113362180,"Department of Computer Science, 53 Kabanbay Batyr Ave, Astana, Kazakhstan, 010000",1,Department of Computer Science,53 Kabanbay Batyr Ave,Astana,,Kazakhstan,010000
109696702,"Department of Computer Science, Lung'Arno Pacinotti 43, Pisa, PI, Italy, 56126",1,Department of Computer Science,Lung'Arno Pacinotti 43,Pisa,PI,Italy,56126
60105182,"Politeknik Negeri Jakarta, Jl. Prof. Dr. G.A Siwabessy, Kampus Baru UI Depok, Jakarta, Indonesia, 16424",1,Politeknik Negeri Jakarta,"Jl. Prof. Dr. G.A Siwabessy, Kampus Baru UI Depok",Jakarta,,Indonesia,16424
122315621,"Universitas Indoneisa, Jl. Margonda Raya, Pondok Cina, Beji, Kota Depok, Depok, West Java, Indonesia, 16424",1,Universitas Indoneisa,"Jl. Margonda Raya, Pondok Cina, Beji, Kota Depok",Depok,West Java,Indonesia,16424
116983942,"State Polytechnic of Jakarta, Depok West Java, Depok, Indonesia, 16425",2,State Polytechnic of Jakarta,Depok West Java,Depok,,Indonesia,16425
114077795,"Faculty of Engineering, Kampus UI, Depok, Depok, West Java, Indonesia, 16424",1,Faculty of Engineering,"Kampus UI, Depok",Depok,West Java,Indonesia,16424
110879379,"Department of Chemical Engineering, Semarang, Java, Indonesia",1,Department of Chemical Engineering,,Semarang,Java,Indonesia,
114537592,"Informatics Department, Jl. Raya Telang, Kamal, Bangkalan, Madura, East Java, Indonesia, 69162",1,Informatics Department,"Jl. Raya Telang, Kamal, Bangkalan, Madura",,East Java,Indonesia,69162
104757672,"Department of Food Science and Technology, Jl. Raya Dramaga, Bogor, West Java, Indonesia, 16680",1,Department of Food Science and Technology,Jl. Raya Dramaga,Bogor,West Java,Indonesia,16680
104757286,"Department of Civil Engineering, Depok, Java, Indonesia, 16424",2,Department of Civil Engineering,,Depok,Java,Indonesia,16424
104757323,"Department of Architecture, Depok, Java, Indonesia, 16424",1,Department of Architecture,,Depok,Java,Indonesia,16424
109652170,"Engineering Physics Department, Jl. Tamansari 64, Bandung, West Java, Indonesia, 40116",1,Engineering Physics Department,Jl. Tamansari 64,Bandung,West Java,Indonesia,40116
102969616,"Centre Project Coordination Unit, Jakarta, Indonesia",2,Centre Project Coordination Unit,,Jakarta,,Indonesia,
60111309,"Universitas Paramadina, Jl. Gatot Subroto Kav. 97, Mampang, Jakarta, Indonesia, 12790",6,Universitas Paramadina,Jl. Gatot Subroto Kav. 97,Mampang,Jakarta,Indonesia,12790
60105171,"Universitas Negeri Jakarta, Jl. Rawamangun Muka, Jakarta, Indonesia, 13220",1,Universitas Negeri Jakarta,Jl. Rawamangun Muka,,Jakarta,Indonesia,13220
101652714,"Faculty of Computer Science, Universtias Indonesia, Semarang, Indonesia",1,Faculty of Computer Science,Universtias Indonesia,Semarang,,Indonesia,
119519325,"Geoinformatic of Informatics Engineering Department, Jl. KH. Sholeh Iskandar Km. 2 Kd. Badak Tanah Sareal, Bogor, Indonesia, 16162",1,Geoinformatic of Informatics Engineering Department,Jl. KH. Sholeh Iskandar Km. 2 Kd. Badak Tanah Sareal,Bogor,,Indonesia,16162
104012624,"Department of Mathematics, 1 James Cook Drive, Townsville, QL, Australia, 4811",1,Department of Mathematics,1 James Cook Drive,Townsville,QL,Australia,4811
112661329,"School of Mathematical Sciences, North Terrace, Adelaide, SA, Australia, 5005",1,School of Mathematical Sciences,North Terrace,Adelaide,SA,Australia,5005
103209556,"Department of Mathematics, PO Box 1700 STN CSC, Victoria, BC, Canada, V8W 2Y2",1,Department of Mathematics,PO Box 1700 STN CSC,Victoria,BC,Canada,V8W 2Y2
101550304,"Indonesia Agency for Health Research and Development, American Embassy, Jl, Medan Merdeka Selatan, No. 5, Jakarta, Indonesia, 10110",1,Indonesia Agency for Health Research and Development,"American Embassy, Jl, Medan Merdeka Selatan, No. 5",Jakarta,,Indonesia,10110
122754820,"Solusi247, Jakarta, Indonesia",1,Solusi247,,Jakarta,,Indonesia,
112067452,"Department of Computer Science, Semarang, Central Java, Indonesia",1,Department of Computer Science,,Semarang,Central Java,Indonesia,
113905154,"Department of Electrical Engineering Technology, Batu Pahat, Johor, Malaysia, 86400",1,Department of Electrical Engineering Technology,,Batu Pahat,Johor,Malaysia,86400
104757299,"Department of Medical Physics, Depok, Java, Indonesia, 16424",1,Department of Medical Physics,,Depok,Java,Indonesia,16424
60004969,"Università degli Studi di Parma, Via Università 12, Parma, PR, Italy, 43100",1,Università degli Studi di Parma,Via Università 12,Parma,PR,Italy,43100
116114142,"Fachbereich Mathematik und Informatik, Technische Universitait Miinchen, Miinchen, Oldenburg, Germany, 80290",1,Fachbereich Mathematik und Informatik,"Technische Universitait Miinchen, Miinchen",Oldenburg,,Germany,80290
113882551,"Department of Electrical Engineering, Gedung Rektorat Lantai 2, Surabaya, East Java, Indonesia, 60111",1,Department of Electrical Engineering,Gedung Rektorat Lantai 2,Surabaya,East Java,Indonesia,60111
113108788,"Graduate School of Engineering, Furo-cho, Chikusa-ku, Nagoya, Aichi, Japan, 464-8601",1,Graduate School of Engineering,"Furo-cho, Chikusa-ku",Nagoya,Aichi,Japan,464-8601
123092846,"Department of Mechanical Systems Engineering, 1-501 Shiogamaguchi, Nagoya, Aichi, Japan, 468-8502",1,Department of Mechanical Systems Engineering,1-501 Shiogamaguchi,Nagoya,Aichi,Japan,468-8502
113765561,"Graduate School of Natural Science and Technology, 1-1-1 Tsushima-Naka, Okayama, Okayama, Japan, 700-8530",1,Graduate School of Natural Science and Technology,1-1-1 Tsushima-Naka,Okayama,Okayama,Japan,700-8530
110177592,"Department of Physics, Jl. Tamansari 64, Bandung, West Java, Indonesia, 40116",1,Department of Physics,Jl. Tamansari 64,Bandung,West Java,Indonesia,40116
104757270,"Department of Chemical Engineering, Depok, Java, Indonesia, 16424",1,Department of Chemical Engineering,,Depok,Java,Indonesia,16424
116606676,"Department of Mathematics, Semarang, Java, Indonesia",1,Department of Mathematics,,Semarang,Java,Indonesia,
123142415,"Center for Data and Information Technology, Jl. Jend. Sudirman 623, Bandung, West Java, Indonesia, 40115",1,Center for Data and Information Technology,Jl. Jend. Sudirman 623,Bandung,West Java,Indonesia,40115
60109118,"Universitas Budi Luhur, Jl. Ciledug Raya, Petukangan Utara, Jakarta Selatan, Jakarta, Indonesia",1,Universitas Budi Luhur,"Jl. Ciledug Raya, Petukangan Utara, Jakarta Selatan",Jakarta,,Indonesia,
60109309,"Sekolah Tinggi Ilmu Manajemen Sukma, Jl. Sakti Lubis, Medan Kota, Kota Medan, North Sumatra, Indonesia, 20219",1,Sekolah Tinggi Ilmu Manajemen Sukma,"Jl. Sakti Lubis, Medan Kota",Kota Medan,North Sumatra,Indonesia,20219
117274264,"Department of Statistics, Kampus Gunungsari Baru Jl. A.P. Pettarani, Makassar, Indonesia, 90222",1,Department of Statistics,Kampus Gunungsari Baru Jl. A.P. Pettarani,Makassar,,Indonesia,90222
117561000,"Center for Data and Information, Jakarta, Indonesia",1,Center for Data and Information,,Jakarta,,Indonesia,
116430874,"Sekolah Tinggi Sandi Negara, Bogor, Jawa Barat, Bogor, Indonesia, 16120",1,Sekolah Tinggi Sandi Negara,"Bogor, Jawa Barat",Bogor,,Indonesia,16120
112457975,"Department of Computing, Kent St, Bentley WA 6102, Perth, WA, Australia, 6845",1,Department of Computing,"Kent St, Bentley WA 6102",Perth,WA,Australia,6845
108239964,"School of Management, Kent St, Bentley WA 6102, Perth, WA, Australia, 6845",1,School of Management,"Kent St, Bentley WA 6102",Perth,WA,Australia,6845
104590716,"School of Computing, Kent St, Bentley WA 6102, Perth, WA, Australia, 6845",1,School of Computing,"Kent St, Bentley WA 6102",Perth,WA,Australia,6845
122276747,"Department of Information Technology, Main Campus Cot Tengku Nie Reuleut, Aceh Utara, Aceh, Indonesia",2,Department of Information Technology,Main Campus Cot Tengku Nie Reuleut,Aceh Utara,Aceh,Indonesia,
112830802,"Department of Chemical Engineering, 43 Keelung Road Section 4, Taipei, Taiwan, 106",1,Department of Chemical Engineering,43 Keelung Road Section 4,Taipei,,Taiwan,106
100272197,"Department of Electrical Engineering, Jln. Teuku Nyak Arief Darussalam, Banda Aceh, Aceh, Indonesia, 23111",1,Department of Electrical Engineering,Jln. Teuku Nyak Arief Darussalam,Banda Aceh,Aceh,Indonesia,23111
60069406,"Universitas Syiah Kuala, Jln. Teuku Nyak Arief Darussalam, Banda Aceh, Aceh, Indonesia, 23111",1,Universitas Syiah Kuala,Jln. Teuku Nyak Arief Darussalam,Banda Aceh,Aceh,Indonesia,23111
118264048,"Department of Informatics, Main Campus Cot Tengku Nie Reuleut, Aceh Utara, Aceh, Indonesia",1,Department of Informatics,Main Campus Cot Tengku Nie Reuleut,Aceh Utara,Aceh,Indonesia,
104757410,"Faculty of Computer Sciences, Depok, Java, Indonesia, 16424",1,Faculty of Computer Sciences,,Depok,Java,Indonesia,16424
60111719,"STMIK Raharja, JL. Jenderal Sudirman No.40 Modern Cikokol, Tangerang, Banten, Indonesia, 15117",1,STMIK Raharja,JL. Jenderal Sudirman No.40 Modern Cikokol,Tangerang,Banten,Indonesia,15117
115165486,"Faculty of Nursing Universitas Indonesia, Kampus UI Depok, Depok, West Java, Indonesia, 16424",1,Faculty of Nursing Universitas Indonesia,Kampus UI Depok,Depok,West Java,Indonesia,16424
121099307,"Faculty of Nursing, Mohamad Husein, North Sumatera, Depok, West Java, Indonesia, 16424",1,Faculty of Nursing,"Mohamad Husein, North Sumatera",Depok,West Java,Indonesia,16424
104872797,"Department of Biostatistics and Population Studies, Depok, Java, Indonesia, 16424",1,Department of Biostatistics and Population Studies,,Depok,Java,Indonesia,16424
60110633,"Muhammadiyah University of Magelang, Jl. Tidar 21, Magelang, Central Java, Indonesia, 56125",1,Muhammadiyah University of Magelang,Jl. Tidar 21,Magelang,Central Java,Indonesia,56125
121841251,"Universitas Indonesia, Depok, West Java, Indonesia",1,Universitas Indonesia,,Depok,West Java,Indonesia,
112703761,"Indonesian National Nurses Association, Jakarta, Indonesia, 11420",1,Indonesian National Nurses Association,,Jakarta,,Indonesia,11420
113374308,"Ministry of Education and Culture, Jakarta, Indonesia",1,Ministry of Education and Culture,,Jakarta,,Indonesia,
60109646,"Universitas Sultan Ageng Tirtayasa, Jl. Raya Jakarta KM. 4, Serang, Banten, Indonesia",1,Universitas Sultan Ageng Tirtayasa,Jl. Raya Jakarta KM. 4,Serang,Banten,Indonesia,
115360056,"Department of Computer Science, Alkharj Public Library, Sa'ad Ibn Mu'adh, Al Kharj, Saudi Arabia, 16278",1,Department of Computer Science,"Alkharj Public Library, Sa'ad Ibn Mu'adh",Al Kharj,,Saudi Arabia,16278
